,index,Smiles,Standard Value,pIC50,scaffold,activity
167,168,CCNc1nc(Nc2cc(C#N)cc(N3CCN(C4COC4)CC3)c2Cl)nn2c(C#N)cnc12,1.39,5.856985199745905,C1CC(C2CCC(C3CCCC(CC4CCC5CCCC5C4)C3)CC2)C1,False
350,354,COc1cccc(CCNc2nc3cc(C(=O)O)ccc3c3cncnc23)c1,570.0,3.2441251443275085,C1CCC(CCCC2CC3CCCCC3C3CCCCC23)CC1,True
620,627,O=C(O)c1ccc2c(c1)nc(Nc1cccc(F)c1)c1nc(NC3CC3)ncc12,86.0,4.0655015487564325,C1CCC(CC2CC3CCCCC3C3CCC(CC4CC4)CC23)CC1,False
66,66,CC(=O)Nc1cc(Nc2cc(Nc3ccn(C)n3)n3ncc(C#N)c3n2)ccc1C,3.0,5.522878745280337,C1CCC(CC2CC3CCCC3C(CC3CCCC3)C2)CC1,False
11,11,C#Cc1cccc(Nc2nc3cc(C(=O)O)ccc3c3cnc(NCCCN4CCOCC4)nc23)c1,250.0,3.6020599913279625,C1CCC(CCCCC2CCC3C4CCCCC4CC(CC4CCCCC4)C3C2)CC1,False
677,684,O=[N+]([O-])c1cccc(-c2csc(Nc3ccccc3)n2)c1,25000.0,1.6020599913279623,C1CCC(CC2CCC(C3CCCCC3)C2)CC1,True
577,584,O=C(O)c1ccc2c(c1)nc(Nc1cc(Cl)cc(Cl)c1)c1ccsc12,307.5,3.8462519810433937,C1CCC(CC2CC3CCCCC3C3CCCC23)CC1,False
178,179,CCOC(=O)c1oc2c(Cl)c(Cl)c(OC(C)=O)c(C#N)c2c1N,2400.0,2.619788758288394,C1CCC2CCCC2C1,True
275,277,COCCNC(=O)c1cccc(Nc2nc3cc(-c4nnn[nH]4)ccc3c3sccc23)c1,251.0,3.600326278518962,C1CCC(CC2CC3CC(C4CCCC4)CCC3C3CCCC23)CC1,False
369,373,C[C@@H](O)CCn1nc2c(Br)c(Br)c(Br)c(Br)c2n1,800.0,3.0969100130080562,C1CCC2CCCC2C1,True
417,422,Cn1cc(-c2cnc3c(-c4csc(C(=O)NCC(F)(F)F)c4)cnn3c2)cn1,100000.0,1.0,C1CCC(C2CCC3C(CCC3C3CCCC3)C2)C1,True
300,303,COc1cc(C(=O)O)ccc1-c1cncc(-n2ncc3ccc(NC(C)C)cc32)n1,112.0,3.9507819773298185,C1CCC(C2CCCC(C3CCC4CCCCC43)C2)CC1,False
486,493,Nc1nc2c(=O)[nH]c3cc(C(=O)O)ccc3c2s1,3400.0,2.468521082957745,CC1CC2CCCCC2C2CCCC12,True
177,178,CCOC(=O)c1cccc(NC(=O)Nc2nc3c(s2)CC(NC(=O)Nc2cccc(C(=O)OCC)c2)CC3)c1,20400.0,1.6903698325741012,CC(CC1CCCCC1)CC1CCC2CC(CC(C)CC3CCCCC3)CC2C1,True
469,475,NC(=O)CCNc1ncc2c(n1)c(Nc1cccc(Cl)c1)nc1cc(C(=O)O)ccc12,28.0,4.552841968657781,C1CCC(CC2CC3CCCCC3C3CCCCC23)CC1,False
457,463,N#Cc1ccc(Nc2nc(-c3ccc4ccccc4c3)cs2)cc1,50000.0,1.3010299956639813,C1CCC(CC2CCC(C3CCC4CCCCC4C3)C2)CC1,True
83,83,CC(=O)Nc1ccc2c(c1)c(-c1cc(NC3CC3)n3ncc(C#N)c3n1)cn2CCCO,1605.0,3.100329725273209,C1CCC2C(C1)CCC2C1CC2CCCC2C(CC2CC2)C1,True
218,220,CN1C(C)(C)CC(Oc2cc(F)c(Nc3nc(NC4CC4)c4ncc(C#N)n4n3)cc2C#N)CC1(C)C,25.51,4.5932895413902095,C1CCC(CC2CCC(CC3CC4CCCC4C(CC4CC4)C3)CC2)CC1,False
704,717,[C-]#[N+]c1cnc2c(Nc3nc(C)n(C)n3)nc(Nc3ccc4c(c3)c(C#N)nn4C[C@@H](C)O)nn12,7.54,5.122628654130226,C1CCC(CC2CC(CC3CCC4CCCC4C3)CC3CCCC32)C1,False
398,402,Cc1nn(C)c2nnc(Nc3ccc(S(=O)(=O)N4CCN(C)CC4)cc3)nc12,50000.0,1.3010299956639813,CC(C)(C1CCCCC1)C1CCC(CC2CCC3CCCC3C2)CC1,True
490,497,Nc1ncc2c(n1)c(Nc1cccc(Cl)c1)nc1cc(C(=O)O)ccc12,4.0,5.3979400086720375,C1CCC(CC2CC3CCCCC3C3CCCCC23)CC1,False
473,479,NC(=O)c1cccc(-c2cc(C(=O)N[C@H]3CC[C@H](O)CC3)c3c(N)ncnn23)c1,4300.0,2.3665315444204134,CC(CC1CCCCC1)C1CC(C2CCCCC2)C2CCCCC12,True
79,79,CC(=O)Nc1ccc2c(c1)N(c1cc(NC3CC3)n3ncc(C#N)c3n1)CCC2,240.0,3.619788758288394,C1CCC2C(C1)CCCC2C1CC2CCCC2C(CC2CC2)C1,False
23,23,C=CCOC(=O)Nc1nnc(-c2ccc(C(=O)O)cc2)s1,8100.0,2.0915149811213505,C1CCC(C2CCCC2)CC1,True
15,15,C#Cc1cccc(Nc2nc3cc(C(=O)O)ccc3c3cnc(NCCOCC)nc23)c1,171.5,3.765737721350148,C1CCC(CC2CC3CCCCC3C3CCCCC23)CC1,False
394,398,Cc1ncc2c(n1)c(Nc1cccc(Cl)c1)nc1cc(C(=O)O)ccc12,172.0,3.764471553092451,C1CCC(CC2CC3CCCCC3C3CCCCC23)CC1,False
277,279,COCCNc1ncc2c(n1)c(Nc1ccc(F)c(Cl)c1)nc1cc(C(=O)O)ccc12,49.5,4.305949399214741,C1CCC(CC2CC3CCCCC3C3CCCCC23)CC1,False
250,252,COC(=O)N[C@@H]1CN(C2CCN(c3cc(C#N)cc(Nc4nc(NC5CC5)c5ncc(C#N)n5n4)c3Cl)CC2)C[C@@H]1C,1.31,5.882728704344236,C1CCC(C2CCC(C3CCCC(CC4CC5CCCC5C(CC5CC5)C4)C3)CC2)C1,False
284,286,COc1cc(-c2cc(C(=O)N[C@H]3CCOC3)c3c(N)ncnn23)ccn1,30.0,4.522878745280337,CC(CC1CCCC1)C1CC(C2CCCCC2)C2CCCCC12,False
405,409,Cc1nn(C)c2nnc(Nc3ccc(S(=O)(=O)NCCO)cc3)nc12,50000.0,1.3010299956639813,C1CCC(CC2CCC3CCCC3C2)CC1,True
324,327,COc1ccc(C(=O)Nc2ncc(-c3ccc(C(=O)O)cc3COc3ccccc3)s2)cc1,28.0,4.552841968657781,CC(CC1CCC(C2CCCCC2CCC2CCCCC2)C1)C1CCCCC1,False
482,489,N[C@@H]1CCCN(c2cc3cc(C(=O)O)ccc3c3cnccc23)C1,300.0,3.5228787452803374,C1CCC(C2CC3CCCCC3C3CCCCC23)CC1,True
137,138,CC(C)Oc1cccc(Nc2nc3cc(-c4nnn[nH]4)ccc3c3sccc23)c1,345.0,3.472693472721556,C1CCC(CC2CC3CC(C4CCCC4)CCC3C3CCCC23)CC1,True
363,367,CS(=O)(=O)C1CCN(C2CN(c3cc(C#N)cc(Nc4nc(NC5CC5)c5ncc(C#N)n5n4)c3Cl)C2)C1,0.24,6.619788758288394,C1CCC(C2CC(C3CCCC(CC4CC5CCCC5C(CC5CC5)C4)C3)C2)C1,False
651,658,O=C([O-])c1ccc2c(c1)cc(-c1ccc(Cl)cc1)c1ccncc12.[Na+],300.0,3.5228787452803374,C1CCC(C2CC3CCCCC3C3CCCCC23)CC1,True
33,33,CC(=O)NCCCC(=O)Nc1ccc2cnn(-c3cncc(C#N)n3)c2c1,13000.0,1.8860566476931633,C1CCC(C2CCC3CCCCC32)CC1,True
511,518,O=C(Nc1cccc(NC(=O)C2CC2)c1)c1n[nH]c2ccccc12,102600.0,0.9888526392242025,CC(CC1CCCC(CC(C)C2CCC3CCCCC32)C1)C1CC1,True
265,267,COC(=O)c1ccc2c(c1)nc(Nc1cccc(OC)c1)c1ccncc12,37500.0,1.4515449934959719,C1CCC(CC2CC3CCCCC3C3CCCCC23)CC1,True
656,663,O=C([O-])c1ccc2c(c1)cc(Br)c1ccnc(NC3CC3)c12.[Na+],1000.0,3.0,C1CCC2C(C1)CCC1CCCC(CC3CC3)C12,True
9,9,C#Cc1cccc(Nc2nc3cc(C(=O)O)ccc3c3cnc(NCC4CCCO4)nc23)c1,62.5,4.450851231752651,C1CCC(CC2CC3CCCCC3C3CCC(CCC4CCCC4)CC23)CC1,False
249,251,COC(=O)N[C@@H]1CCN(c2cc(C#N)cc(Nc3nc(NC4CC4)c4ncc(C#N)n4n3)c2Cl)C[C@H]1OP(=O)(O)O,0.27,6.568636235841013,C1CCC(C2CCCC(CC3CC4CCCC4C(CC4CC4)C3)C2)CC1,False
22,22,C/C=C(\C)C(=O)Nc1nnc(-c2ccc(C(=O)O)cc2)s1,3600.0,2.4436974992327127,C1CCC(C2CCCC2)CC1,True
338,341,COc1ccc(C(=O)Nc2ncc(-c3ccc(C(=O)O)nn3)s2)cc1,14.0,4.853871964321762,CC(CC1CCC(C2CCCCC2)C1)C1CCCCC1,False
221,223,CN1CC(N2CCN(c3cc(C(F)F)cc(Nc4nc(NC5CC5)c5ncc(C#N)n5n4)c3Cl)CC2)C1,1.5,5.823908740944319,C1CC(C2CCC(C3CCCC(CC4CC5CCCC5C(CC5CC5)C4)C3)CC2)C1,False
445,451,N#Cc1cc(Nc2nc(NC3CC3)c3ncc(C#N)n3n2)c(Cl)c(N2CCC(NC3CC(C#N)C3)CC2)c1,1.56,5.806875401645538,C1CC(CC2CCC(C3CCCC(CC4CC5CCCC5C(CC5CC5)C4)C3)CC2)C1,False
694,707,[C-]#[N+]c1cnc2c(NC3CC3)nc(Nc3cc(C#N)cc(N4CCN(C5COC5)C(C(=O)N5CCOCC5)C4)c3Cl)nn12,1.4,5.853871964321762,CC(C1CCCCC1)C1CC(C2CCCC(CC3CC4CCCC4C(CC4CC4)C3)C2)CCC1C1CCC1,False
483,490,Nc1cc2c(Nc3cccc(Cl)c3)nc3cc(C(=O)O)ccc3c2cn1,44.0,4.356547323513813,C1CCC(CC2CC3CCCCC3C3CCCCC23)CC1,False
612,619,O=C(O)c1ccc2c(c1)nc(Nc1cccc(Cl)c1)c1ccncc12,14.35,4.843277314786793,C1CCC(CC2CC3CCCCC3C3CCCCC23)CC1,False
203,205,CN(C)CCNc1nc2cc(C(=O)O)ccc2c2cnccc12,25.0,4.6020599913279625,C1CCC2C(C1)CCC1CCCCC12,False
412,417,Clc1cccc(Nc2nc3cc(-c4nnn[nH]4)ccc3c3cnccc23)c1,530.5,3.6699468891383775,C1CCC(CC2CC3CC(C4CCCC4)CCC3C3CCCCC23)CC1,False
93,93,CC(=O)Nc1ccc2ccn(-c3cc(Nc4ccn(C)n4)n4ncc(C#N)c4n3)c2c1,20.0,4.707834387816234,C1CCC(CC2CC(C3CCC4CCCCC43)CC3CCCC32)C1,False
396,400,Cc1nn(C)c2nnc(Nc3ccc(S(=O)(=O)N4CCCCC4)cc3)nc12,25000.0,1.6020599913279623,CC(C)(C1CCCCC1)C1CCC(CC2CCC3CCCC3C2)CC1,True
693,706,[C-]#[N+]c1cnc2c(NC3CC3)nc(Nc3cc(C#N)cc(N4CCC(NC5CC(F)(F)C5)CC4)c3Cl)nn12,1.37,5.863279432843593,C1CC(CC2CCC(C3CCCC(CC4CC5CCCC5C(CC5CC5)C4)C3)CC2)C1,False
388,392,Cc1ccc(NC(=O)c2n[nH]c3ccc([N+](=O)[O-])cc23)cc1S(N)(=O)=O,79300.0,1.1007268126823961,CC(CC1CCCCC1)C1CCC2CCCCC21,True
184,185,CCOc1ncc2c(n1)c(Nc1cccc(C(F)(F)F)c1)nc1cc(C(=O)O)ccc12,750.0,3.1249387366083,C1CCC(CC2CC3CCCCC3C3CCCCC23)CC1,True
571,578,O=C(O)c1ccc2c(c1)nc(NCc1ccccc1)c1ncccc12,10000.0,2.0,C1CCC(CCC2CC3CCCCC3C3CCCCC23)CC1,True
302,305,COc1cc(C2CN(C(=O)c3cc(COC[C@@H](O)CO)ccn3)C2)ccc1OCc1ccc(C2CC2)cc1,1000.0,3.0,CC(C1CCCCC1)C1CC(C2CCC(CCC3CCC(C4CC4)CC3)CC2)C1,True
153,154,CCCCc1c(-c2ccc(O)cc2)[nH]c2nccnc12,100000.0,1.0,C1CCC(C2CC3CCCCC3C2)CC1,True
75,75,CC(=O)Nc1cc(Nc2cc(Nc3cn(CCO)cn3)n3ncc(C#N)c3n2)ccc1C,3.0,5.522878745280337,C1CCC(CC2CC3CCCC3C(CC3CCCC3)C2)CC1,False
618,625,O=C(O)c1ccc2c(c1)nc(Nc1cccc(F)c1)c1ccncc12,680.0,3.167491087293764,C1CCC(CC2CC3CCCCC3C3CCCCC23)CC1,True
68,68,CC(=O)Nc1cc(Nc2cc(Nc3ccn(CCN4CCCC4)n3)n3ncc(C#N)c3n2)ccc1C,3.0,5.522878745280337,C1CCC(CC2CC3CCCC3C(CC3CCC(CCC4CCCC4)C3)C2)CC1,False
589,596,O=C(O)c1ccc2c(c1)nc(Nc1ccc(Cl)cc1)c1ncncc12,240.0,3.619788758288394,C1CCC(CC2CC3CCCCC3C3CCCCC23)CC1,False
188,190,CCc1cc2c(cc1-c1cnn(CC(=O)N(C)C)c1)C(C)(C)c1[nH]c3cc(C#N)ccc3c1C2=O,10000.0,2.0,CC1C2CCC(C3CCCC3)CC2CC2CC3CCCCC3C21,True
271,273,COC(CNc1ncc2c(n1)c(Nc1ccc(F)c(Cl)c1)nc1cc(C(=O)O)ccc12)OC,103.0,3.987162775294828,C1CCC(CC2CC3CCCCC3C3CCCCC23)CC1,False
236,238,CNc1ncc2c(n1)c(NC1CC1)nc1cc(C(=O)O)ccc12,14.0,4.853871964321762,C1CCC2C(C1)CC(CC1CC1)C1CCCCC21,False
88,88,CC(=O)Nc1ccc2ccn(-c3cc(NCCCCO)n4ncc(C#N)c4n3)c2c1,110.0,4.122062572163754,C1CC2CCC(C3CCC4CCCCC43)CC2C1,False
691,704,OCc1cccc(Nc2nc3cc(-c4nnn[nH]4)ccc3c3sccc23)c1,185.0,3.7390127640063033,C1CCC(CC2CC3CC(C4CCCC4)CCC3C3CCCC23)CC1,False
117,118,CC(C)Nc1ccc2ccn(-c3cncc(-c4ccc(C(=O)O)cc4)n3)c2c1,49.5,4.770303756120384,C1CCC(C2CCCC(C3CCC4CCCCC43)C2)CC1,False
125,126,CC(C)Nc1ccc2cnn(-c3cncc(-c4ccc(C(=O)O)nc4)n3)c2c1,2298.5,2.9468875475516008,C1CCC(C2CCCC(C3CCC4CCCCC43)C2)CC1,True
581,588,O=C(O)c1ccc2c(c1)nc(Nc1cc(F)cc(F)c1)c1ccncc12,678.0,4.085187323320975,C1CCC(CC2CC3CCCCC3C3CCCCC23)CC1,False
238,240,CNc1ncc2c(n1)c(Nc1cccc(Cl)c1)nc1cc(C(=O)O)ccc12,18.0,4.7447274948966935,C1CCC(CC2CC3CCCCC3C3CCCCC23)CC1,False
0,0,Brc1c(Br)c(Br)c2[nH]cnc2c1Br,735.0,3.3278038631574445,C1CCC2CCCC2C1,True
701,714,[C-]#[N+]c1cnc2c(NCC)nc(Nc3cc(C#N)cc(N4CC[C@H](NC(=O)OC)[C@@H](O)C4)c3Cl)nn12,0.52,6.2839966563652006,C1CCC(C2CCCC(CC3CCC4CCCC4C3)C2)CC1,False
292,294,COc1cc(-c2cc(C(=O)N[C@H]3CC[C@H](OCC(C)(C)C)CC3)c3c(N)ncnn23)ccn1,150.0,3.8239087409443187,CC(CC1CCCCC1)C1CC(C2CCCCC2)C2CCCCC12,False
688,701,OCCn1nnc2c(Br)c(Br)c(Br)c(Br)c21,9250.0,2.0338582672609675,C1CCC2CCCC2C1,True
352,356,COc1cccc(Nc2nc3cc(C(=O)O)ccc3c3cnc(NC4CC4)nc23)c1,134.0,3.8728952016351923,C1CCC(CC2CC3CCCCC3C3CCC(CC4CC4)CC23)CC1,False
278,280,COCCNc1ncc2c(n1)c(Nc1ccccc1)nc1cc(C(=O)O)ccc12,69.0,4.161150909262744,C1CCC(CC2CC3CCCCC3C3CCCCC23)CC1,False
116,117,CC(C)Nc1cc2cc(C(=O)[O-])ccc2c2cnccc12.[Na+],300.0,3.5228787452803374,C1CCC2C(C1)CCC1CCCCC12,True
228,230,CN1CCN(c2ccc(OC(F)(F)F)c(Nc3ncc4c(n3)-c3c(c(C(N)=O)nn3CCO)CC4)c2)CC1,826.0,3.0830199526796176,C1CCC(C2CCCC(CC3CCC4CCC5CCCC5C4C3)C2)CC1,True
318,321,COc1ccc(-c2csc(Nc3ccc(C(=O)O)cc3)n2)c(OC)c1,13000.0,1.8860566476931633,C1CCC(CC2CCC(C3CCCCC3)C2)CC1,True
671,678,O=C1C[C@H](O)[C@@H]2c3c(ccc(O)c31)-c1ccc(O)c3c1[C@@]2(O)CCC3=O,10.0,5.0,CC1CCC2C3CCC(C)C4CCCC(C5CCCC1C52)C43,False
274,276,COCC(=O)Nc1nnc(-c2ccc(C(=O)O)cc2)s1,6000.0,2.221848749616356,C1CCC(C2CCCC2)CC1,True
554,561,O=C(O)c1ccc2c(c1)nc(NC1CC1)c1nc(Nc3cccc(C(F)(F)F)c3)ncc12,198.0,3.703334809738469,C1CCC(CC2CCC3C4CCCCC4CC(CC4CC4)C3C2)CC1,False
144,145,CC1CCCCN1CCCNc1ncc2c(n1)c(Nc1ccc(F)c(Cl)c1)nc1cc(C(=O)O)ccc12,686.0,3.1636758842932484,C1CCC(CCCCC2CCC3C4CCCCC4CC(CC4CCCCC4)C3C2)CC1,True
395,399,Cc1nn(C)c2nnc(Nc3ccc(S(=O)(=O)N4CCCC4)cc3)nc12,50000.0,1.3010299956639813,CC(C)(C1CCCC1)C1CCC(CC2CCC3CCCC3C2)CC1,True
645,652,O=C(O)c1ccc2cc1OCCOCCNc1ccn3ncc-2c3n1,2902.5,3.183392057320455,C1CCCC2CCCC(C2)C2CCC3CCC(CCC1)CC32,True
641,648,O=C(O)c1ccc2c(c1)nc(Nc1ccccc1O)c1ccsc12,820.0,3.0861861476162833,C1CCC(CC2CC3CCCCC3C3CCCC23)CC1,True
516,523,O=C(O)C[C@H](NC(=O)[C@H](CC(=O)O)NC(=O)[C@H](CC(=O)O)NC(=O)CCCCCCn1c(=O)c2ccncc2c2ccc(C(=O)O)cc21)C(=O)O,300.0,3.5228787452803374,CC1CC2CCCCC2C2CCCCC12,True
268,270,COC(=O)c1ccc2c(c1)nc(Nc1ccccc1)c1nc(SC)ncc12,500.0,3.3010299956639813,C1CCC(CC2CC3CCCCC3C3CCCCC23)CC1,True
478,485,NCCNc1cc(-c2ccnc(Nc3cccc(Cl)c3)n2)ccn1,9600.0,2.0177287669604316,C1CCC(CC2CCCC(C3CCCCC3)C2)CC1,True
46,46,CC(=O)Nc1cc(Nc2cc(NC3CC3)n3ncc(C#N)c3n2)ccc1N(C)CCN1CCOCC1,3.0,5.522878745280337,C1CCC(CCCC2CCC(CC3CC4CCCC4C(CC4CC4)C3)CC2)CC1,False
261,263,COC(=O)c1ccc2c(c1)nc(Nc1ccc(F)c(Cl)c1)c1ccncc12,1661.0,2.7796303675486054,C1CCC(CC2CC3CCCCC3C3CCCCC23)CC1,True
195,197,CN(C)C(=O)c1cccc(Nc2nc3cc(-c4nnn[nH]4)ccc3c3sccc23)c1,318.0,3.4975728800155674,C1CCC(CC2CC3CC(C4CCCC4)CCC3C3CCCC23)CC1,True
709,722,c1ccc(Nc2nc3cc(-c4nnn[nH]4)ccc3c3sccc23)cc1,189.0,3.7235381958267557,C1CCC(CC2CC3CC(C4CCCC4)CCC3C3CCCC23)CC1,False
593,600,O=C(O)c1ccc2c(c1)nc(Nc1ccc(F)c(Cl)c1)c1nc(NCc3ccccn3)ncc12,356.0,3.4485500020271247,C1CCC(CCC2CCC3C4CCCCC4CC(CC4CCCCC4)C3C2)CC1,True
107,107,CC(C)(C)NS(=O)(=O)c1cncc(-c2ccn3nc(N)nc3c2)c1,10000.0,2.0,C1CCC(C2CCC3CCCC3C2)CC1,True
607,614,O=C(O)c1ccc2c(c1)nc(Nc1cccc(C(=O)NC3CC3)c1)c1ccsc12,221.0,3.6556077263148894,CC(CC1CC1)C1CCCC(CC2CC3CCCCC3C3CCCC23)C1,False
530,537,O=C(O)c1ccc(Nc2nc(-c3ccc(O)cc3O)cs2)cc1,7000.0,2.154901959985743,C1CCC(CC2CCC(C3CCCCC3)C2)CC1,True
333,336,COc1ccc(C(=O)Nc2ncc(-c3ccc(C(=O)O)cc3OCc3ccccc3OC)s2)cc1,14.0,4.853871964321762,CC(CC1CCC(C2CCCCC2CCC2CCCCC2)C1)C1CCCCC1,False
100,100,CC(=O)Nc1nnc(-c2ccc([N+](=O)[O-])cc2)s1,26800.0,1.5718652059712113,C1CCC(C2CCCC2)CC1,True
362,366,COc1nccc2c(Br)cc3cc(C(=O)[O-])ccc3c12.[Na+],300.0,3.5228787452803374,C1CCC2C(C1)CCC1CCCCC12,True
634,641,O=C(O)c1ccc2c(c1)nc(Nc1ccccc1)c1nc(NCCCO)ncc12,26.0,4.585026652029182,C1CCC(CC2CC3CCCCC3C3CCCCC23)CC1,False
344,347,COc1ccc(Nc2nc3cc(C(=O)O)ccc3c3sccc23)cc1Cl,430.0,3.3665315444204134,C1CCC(CC2CC3CCCCC3C3CCCC23)CC1,True
179,180,CCOC(O)(Nc1ccc(C(=O)O)cc1)Nc1nc2c(s1)CC(N1C(=O)c3ccccc3C1=O)CC2,4900.0,2.309803919971486,CC1C2CCCCC2C(C)C1C1CCC2CC(CCCC3CCCCC3)CC2C1,True
304,307,COc1cc(Nc2nc3cc(-c4nnn[nH]4)ccc3c3sccc23)ccc1F,851.0,3.070526982056956,C1CCC(CC2CC3CC(C4CCCC4)CCC3C3CCCC23)CC1,True
361,365,COc1nc(Nc2ccc(C(=O)N(C)C)cc2)ncc1-c1csc(C(=O)O)c1,360.0,3.4436974992327127,C1CCC(CC2CCC(C3CCCC3)CC2)CC1,True
681,688,O=c1oc2c(O)c(O)cc3c(=O)oc4c(O)c(O)cc1c4c23,40.0,4.3979400086720375,CC1CC2CCCC3C(C)CC4CCCC1C4C23,False
149,150,CCC(O)Cn1nc2c(Br)c(Br)c(Br)c(Br)c2n1,2500.0,2.6020599913279625,C1CCC2CCCC2C1,True
124,125,CC(C)Nc1ccc2cnn(-c3cncc(-c4ccc(C(=O)O)cn4)n3)c2c1,503.5,4.0774509799928715,C1CCC(C2CCCC(C3CCC4CCCCC43)C2)CC1,False
666,673,O=C([O-])c1ccc2c(c1)cc(Nc1cccc(Cl)c1)c1ccncc12.[Na+],300.0,3.5228787452803374,C1CCC(CC2CC3CCCCC3C3CCCCC23)CC1,True
615,622,O=C(O)c1ccc2c(c1)nc(Nc1cccc(Cl)c1)c1nc(O)ncc12,214.0,3.669586226650809,C1CCC(CC2CC3CCCCC3C3CCCCC23)CC1,False
185,186,CC[C@@H](C)Nc1cc2cc(C(=O)[O-])ccc2c2cnccc12.[Na+],300.0,3.5228787452803374,C1CCC2C(C1)CCC1CCCCC12,True
544,551,O=C(O)c1ccc2c(c1)nc(N1CCOCC1)c1nc(NC3CC3)ncc12,750.0,3.1249387366083,C1CCC(C2CC3CCCCC3C3CCC(CC4CC4)CC23)CC1,True
453,459,N#Cc1cc(Nc2nc(NC3CC3)c3ncc(C#N)n3n2)c(Cl)c(NC2CCN(C3COC3)CC2)c1,1.32,5.87942606879415,C1CC(CC2CCC(C3CCC3)CC2)CC(CC2CC3CCCC3C(CC3CC3)C2)C1,False
699,712,[C-]#[N+]c1cnc2c(NCC)nc(Nc3cc(C#N)cc(N4CCC(NC[C@@H](C)O)CC4)c3Cl)nn12,1.33,5.876148359032914,C1CCC(C2CCCC(CC3CCC4CCCC4C3)C2)CC1,False
355,359,COc1cccc(Nc2nc3cc(C(=O)O)ccc3c3scnc23)c1,37.0,4.431798275933005,C1CCC(CC2CC3CCCCC3C3CCCC23)CC1,False
321,324,COc1ccc(C(=O)Nc2cnc(-c3ccc(C(=O)O)cc3)s2)cc1,50000.0,1.3010299956639813,CC(CC1CCC(C2CCCCC2)C1)C1CCCCC1,True
654,661,O=C([O-])c1ccc2c(c1)cc(Br)c1cc(Cl)ncc12.[Na+],1000.0,3.0,C1CCC2C(C1)CCC1CCCCC12,True
142,143,CC1(N2CCN(c3cc(C(F)F)cc(Nc4nc(NC5CC5)c5ncc(C#N)n5n4)c3Cl)CC2)COC1,1.42,5.847711655616943,C1CC(C2CCC(C3CCCC(CC4CC5CCCC5C(CC5CC5)C4)C3)CC2)C1,False
141,142,CC1(C)CC(Oc2cc(F)c(Nc3nc(NC4CC4)c4ncc(C#N)n4n3)cc2C#N)CC(C)(C)N1,13.06,4.884056823060945,C1CCC(CC2CCC(CC3CC4CCCC4C(CC4CC4)C3)CC2)CC1,False
579,586,O=C(O)c1ccc2c(c1)nc(Nc1cc(F)cc(C(F)(F)F)c1)c1ccsc12,156.0,3.8068754016455384,C1CCC(CC2CC3CCCCC3C3CCCC23)CC1,False
320,323,COc1ccc(C(=O)Nc2cc(-c3ccc(C(=O)O)cc3)[nH]n2)cc1,140.0,3.853871964321762,CC(CC1CCC(C2CCCCC2)C1)C1CCCCC1,False
19,19,C#Cc1cccc(Nc2nc3cc(C(=O)O)ccc3c3scnc23)c1,44.0,4.356547323513813,C1CCC(CC2CC3CCCCC3C3CCCC23)CC1,False
172,173,CCNc1nc(Nc2ccc3c(c2)c(C#N)nn3C2CCN(C[C@H](C)O)CC2)nn2c(C#N)cnc12,0.27,6.568636235841013,C1CCC(C2CCC3CC(CC4CCC5CCCC5C4)CCC32)CC1,False
575,582,O=C(O)c1ccc2c(c1)nc(NCc1cccnc1)c1nc(NC3CC3)ncc12,18.0,4.7447274948966935,C1CCC(CCC2CC3CCCCC3C3CCC(CC4CC4)CC23)CC1,False
312,315,COc1cc(O)c2c(c1)C(=O)c1cc(C)c(O)cc1C2=O,10.0,5.0,CC1C2CCCCC2C(C)C2CCCCC12,False
660,667,O=C([O-])c1ccc2c(c1)cc(N1CCCCC1)c1ccncc12.[Na+],300.0,3.5228787452803374,C1CCC(C2CC3CCCCC3C3CCCCC23)CC1,True
12,12,C#Cc1cccc(Nc2nc3cc(C(=O)O)ccc3c3cnc(NCCCOC(C)C)nc23)c1,349.0,3.45717457304082,C1CCC(CC2CC3CCCCC3C3CCCCC23)CC1,True
305,308,COc1cc(O)c(C(=O)O)c(-c2cc(O)c(O)cc2C)c1,10.0,5.0,C1CCC(C2CCCCC2)CC1,False
25,25,CC(=O)N(C)c1ccc2ccn(-c3cc(NC4CC4)n4ncc(C#N)c4n3)c2c1,11.0,4.958607314841775,C1CCC2C(C1)CCC2C1CC2CCCC2C(CC2CC2)C1,False
528,535,O=C(O)c1ccc(Nc2nc(-c3cc4ccccc4o3)cs2)cc1,14000.0,1.853871964321762,C1CCC(CC2CCC(C3CC4CCCCC4C3)C2)CC1,True
169,170,CCNc1nc(Nc2cc(C#N)cc(N3CC[C@@H]4[C@@H](C3)OCCN4C3COC3)c2Cl)nn2c(C#N)cnc12,1.37,5.863279432843593,C1CC2CCC(CC3CCCC(C4CCC5C(CCCC5C5CCC5)C4)C3)CC2C1,False
494,501,Nc1ncnn2c(-c3ccnc(CCO)c3)cc(C(=O)NC3CCC(N)CC3)c12,2100.0,2.677780705266081,CC(CC1CCCCC1)C1CC(C2CCCCC2)C2CCCCC12,True
497,504,Nc1ncnn2c(-c3ccncc3)cc(C(=O)NCCc3ccccn3)c12,150.0,3.8239087409443187,CC(CCCC1CCCCC1)C1CC(C2CCCCC2)C2CCCCC12,False
245,247,COC(=O)N1CCC(N2CCN(c3cc(C#N)cc(Nc4nc(NC5CC5)c5ncc(C#N)n5n4)c3Cl)CC2)CC1,1.35,5.8696662315049934,C1CCC(C2CCC(C3CCCC(CC4CC5CCCC5C(CC5CC5)C4)C3)CC2)CC1,False
298,301,COc1cc(/C=C(\C#N)C(=O)Nc2nnc(C(F)(F)F)s2)ccc1O,1370.0,2.8632794328435933,CC(CC1CCCC1)CCC1CCCCC1,True
447,453,N#Cc1cc(Nc2nc(NC3CC3)c3ncc(C#N)n3n2)c(Cl)c(N2CCC(NCC(F)(F)F)CC2)c1,29.89,4.524474084960719,C1CCC(C2CCCC(CC3CC4CCCC4C(CC4CC4)C3)C2)CC1,False
272,274,COC1CCN(C2CN(c3cc(C#N)cc(Nc4nc(NC5CC5)c5ncc(C#N)n5n4)c3Cl)C2)C1,0.21,6.6777807052660805,C1CCC(C2CC(C3CCCC(CC4CC5CCCC5C(CC5CC5)C4)C3)C2)C1,False
154,155,CCCN(C(=O)Nc1cccc(C(=O)O)c1)C1CCc2nc(NC(=O)Nc3cccc(C(=O)O)c3)sc2C1,2800.0,2.5528419686577806,CC(CC1CCCCC1)CC1CCC2CC(CC(C)CC3CCCCC3)CC2C1,True
126,127,CC(C)Nc1ccc2cnn(-c3cncc(-c4ccc(C(O)C(F)(F)F)cc4)n3)c2c1,30000.0,1.5228787452803376,C1CCC(C2CCCC(C3CCC4CCCCC43)C2)CC1,True
485,492,Nc1nc(C2=C3C(=Nc4ccccc43)C(=O)NCC2)c(O)[nH]1,10000.0,2.0,CC1CCCC(C2CCCC2)C2C1CC1CCCCC12,True
341,344,COc1ccc(C(=O)O)cc1Nc1nc(-c2ccc3ccccc3c2)cs1,8000.0,2.0969100130080562,C1CCC(CC2CCC(C3CCC4CCCCC4C3)C2)CC1,True
287,289,COc1cc(-c2cc(C(=O)N[C@H]3CC[C@H](NC(=O)C(C)(C)CN4CCCC4)CC3)c3c(N)ncnn23)ccn1,20.0,4.698970004336019,CC(CCC1CCCC1)CC1CCC(CC(C)C2CC(C3CCCCC3)C3CCCCC23)CC1,False
113,114,CC(C)=CC(=O)c1oc2c(Cl)c(Cl)c(O)c(C#N)c2c1N,200.0,3.6989700043360187,C1CCC2CCCC2C1,False
382,386,Cc1cc(O)cc2oc(=O)c3c(O)cc(O)cc3c12,2.0,5.698970004336019,CC1CC2CCCCC2C2CCCCC12,False
173,174,CCNc1ncc2c(n1)c(Nc1cccc(Cl)c1)nc1cc(C(=O)O)ccc12,20.0,4.761439372640169,C1CCC(CC2CC3CCCCC3C3CCCCC23)CC1,False
624,631,O=C(O)c1ccc2c(c1)nc(Nc1cccc(I)c1)c1ccsc12,91.0,4.040958607678906,C1CCC(CC2CC3CCCCC3C3CCCC23)CC1,False
367,371,CS(=O)(=O)Nc1ccc(NC(=O)c2n[nH]c3ccccc23)cc1,16100.0,1.7931741239681502,CC(CC1CCCCC1)C1CCC2CCCCC21,True
57,57,CC(=O)Nc1cc(Nc2cc(NC3CC3)n3ncc(C#N)c3n2)cnc1C,3.0,5.522878745280337,C1CCC(CC2CC3CCCC3C(CC3CC3)C2)CC1,False
456,462,N#Cc1cc2cc(C(=O)[O-])ccc2c2cnccc12.[Na+],300.0,3.5228787452803374,C1CCC2C(C1)CCC1CCCCC12,True
222,224,CN1CC2(C1)CN(c1cc(C#N)cc(Nc3nc(NC4CC4)c4ncc(C#N)n4n3)c1Cl)C2,1.4,5.853871964321762,C1CC(CC2CC3CCCC3C(CC3CC3)C2)CC(C2CC3(CCC3)C2)C1,False
280,282,COCCOC(=O)Nc1nnc(-c2ccc(C(=O)O)cc2)s1,6800.0,2.167491087293764,C1CCC(C2CCCC2)CC1,True
17,17,C#Cc1cccc(Nc2nc3cc(C(=O)O)ccc3c3cncnc23)c1,52.0,4.6153113369619305,C1CCC(CC2CC3CCCCC3C3CCCCC23)CC1,False
610,617,O=C(O)c1ccc2c(c1)nc(Nc1cccc(C(F)(F)F)c1)c1nc(NC3CC3)ncc12,10.0,5.0,C1CCC(CC2CC3CCCCC3C3CCC(CC4CC4)CC23)CC1,False
322,325,COc1ccc(C(=O)Nc2ncc(-c3ccc(C(=O)O)c4ccccc34)s2)cc1,1300.0,2.886056647693163,CC(CC1CCC(C2CCCC3CCCCC32)C1)C1CCCCC1,True
255,257,COC(=O)c1ccc(Nc2nc(-c3cccc([N+](=O)[O-])c3)cs2)cc1,25000.0,1.6020599913279623,C1CCC(CC2CCC(C3CCCCC3)C2)CC1,True
430,436,N#C/C(=C\c1ccc(O)c([N+](=O)[O-])c1)C(=O)Nc1nnc(Br)s1,370.0,3.431798275933005,CC(CC1CCCC1)CCC1CCCCC1,True
679,686,O=c1[nH]c2cc(-c3nnn[nH]3)ccc2c2ccccc12,2000.0,2.6989700043360187,CC1CC2CC(C3CCCC3)CCC2C2CCCCC12,True
190,192,CCc1cccc(Nc2nc3cc(-c4nnn[nH]4)ccc3c3sccc23)c1,433.5,3.3696995955096836,C1CCC(CC2CC3CC(C4CCCC4)CCC3C3CCCC23)CC1,True
468,474,N#Cc1cnn2c(NC3CC3)cc(-n3ccc4ccc(CO)cc43)nc12,475.0,3.5008703307881506,C1CCC2C(C1)CCC2C1CC2CCCC2C(CC2CC2)C1,True
626,633,O=C(O)c1ccc2c(c1)nc(Nc1cccc(Oc3ccccc3)c1)c1ccsc12,395.0,3.40340290437354,C1CCC(CC2CCCC(CC3CC4CCCCC4C4CCCC34)C2)CC1,True
545,552,O=C(O)c1ccc2c(c1)nc(N1CCc3ccccc31)c1ccsc12,580.0,3.2365720064370627,C1CCC2C(C1)CC(C1CCC3CCCCC31)C1CCCC21,True
94,94,CC(=O)Nc1ccc2cnn(-c3cc(NC4CC4)n4ncc(C#N)c4n3)c2c1,26.0,4.585026652029182,C1CCC2C(C1)CCC2C1CC2CCCC2C(CC2CC2)C1,False
180,181,CCOC(O)(Nc1cccc(C(=O)O)c1)Nc1nc2c(s1)CC(N1C(=O)c3ccccc3C1=O)CC2,1900.0,2.721246399047171,CC1C2CCCCC2C(C)C1C1CCC2CC(CCCC3CCCCC3)CC2C1,True
301,304,COc1cc(C2=C(c3cn(COCc4ccccc4)c4ccccc34)CNC2=O)cc(OC)c1OC,93000.0,1.031517051446065,CC1CCC(C2CC(CCCC3CCCCC3)C3CCCCC32)C1C1CCCCC1,True
613,620,O=C(O)c1ccc2c(c1)nc(Nc1cccc(Cl)c1)c1ccsc12,32.0,4.494850021680094,C1CCC(CC2CC3CCCCC3C3CCCC23)CC1,False
521,528,O=C(O)c1cc2c(ccc3cc4c(ccc5oc(C(=O)O)cc54)cc32)o1,63.0,4.200659450546418,C1CC2CCC3CC4C(CCC5CCCC54)CC3C2C1,False
467,473,N#Cc1cnn2c(NC3CC3)cc(-c3cccs3)nc12,460.0,3.337242168318426,C1CCC(C2CC3CCCC3C(CC3CC3)C2)C1,True
464,470,N#Cc1cnn2c(N)cc(-c3ccc(F)cc3)nc12,430.0,3.3665315444204134,C1CCC(C2CCC3CCCC3C2)CC1,True
625,632,O=C(O)c1ccc2c(c1)nc(Nc1cccc(O)c1)c1ccsc12,369.0,3.43297363384094,C1CCC(CC2CC3CCCCC3C3CCCC23)CC1,True
650,657,O=C([O-])c1ccc2c(c1)cc(-c1cc[nH]n1)c1ccncc12.[Na+],300.0,3.5228787452803374,C1CCC2C(C1)CC(C1CCCC1)C1CCCCC21,True
5,5,C#Cc1cccc(Nc2nc3cc(C(=O)O)ccc3c3cnc(NC)nc23)c1,9.0,5.045757490560675,C1CCC(CC2CC3CCCCC3C3CCCCC23)CC1,False
695,708,[C-]#[N+]c1cnc2c(NC3CC3)nc(Nc3cc(C#N)cc(N4CCN(C5COC5)CC(F)C4)c3Cl)nn12,0.29,6.537602002101044,C1CC(C2CCCC(C3CCCC(CC4CC5CCCC5C(CC5CC5)C4)C3)CC2)C1,False
45,45,CC(=O)Nc1cc(Nc2cc(NC3CC3)n3ncc(C#N)c3n2)ccc1N(C)CCN1CC(F)(F)C1,13.0,4.886056647693163,C1CC(CCCC2CCC(CC3CC4CCCC4C(CC4CC4)C3)CC2)C1,False
411,416,Clc1ccc(Nc2nc3cc(-c4nnn[nH]4)ccc3c3sccc23)cc1,320.0,3.511524834874381,C1CCC(CC2CC3CC(C4CCCC4)CCC3C3CCCC23)CC1,True
535,542,O=C(O)c1ccc(Nc2nc(-c3cccc([N+](=O)[O-])c3)cs2)cc1,7000.0,2.154901959985743,C1CCC(CC2CCC(C3CCCCC3)C2)CC1,True
171,172,CCNc1nc(Nc2ccc3c(c2)c(C#N)nn3C2CCN(C[C@@H](C)O)CC2)nn2c(C#N)cnc12,0.22,6.657577319177793,C1CCC(C2CCC3CC(CC4CCC5CCCC5C4)CCC32)CC1,False
16,16,C#Cc1cccc(Nc2nc3cc(C(=O)O)ccc3c3cnccc23)c1,36.5,4.83889035263304,C1CCC(CC2CC3CCCCC3C3CCCCC23)CC1,False
48,48,CC(=O)Nc1cc(Nc2cc(NC3CC3)n3ncc(C#N)c3n2)ccc1N(C)C[C@H](C)N,3.0,5.522878745280337,C1CCC(CC2CC3CCCC3C(CC3CC3)C2)CC1,False
685,698,OCCCn1cnc2c(Br)c(Br)c(Br)c(Br)c21,540.0,3.2676062401770314,C1CCC2CCCC2C1,True
649,656,O=C(O)c1ccccc1Nc1nc(-c2cccc([N+](=O)[O-])c2)cs1,8000.0,2.0969100130080562,C1CCC(CC2CCC(C3CCCCC3)C2)CC1,True
3,3,Brc1cccc(Nc2nc3cc(-c4nnn[nH]4)ccc3c3sccc23)c1,131.0,3.8837560668235067,C1CCC(CC2CC3CC(C4CCCC4)CCC3C3CCCC23)CC1,False
462,468,N#Cc1cnc2c(NC3CC3)nc(Nc3cc(C(F)F)cc(N4CCN(C5(C#N)COC5)CC4)c3Cl)nn12,15.25,4.816730156317195,C1CC(C2CCC(C3CCCC(CC4CC5CCCC5C(CC5CC5)C4)C3)CC2)C1,False
425,430,Fc1ccc(Nc2nc3cc(-c4nnn[nH]4)ccc3c3sccc23)cc1,371.5,3.4300415752515283,C1CCC(CC2CC3CC(C4CCCC4)CCC3C3CCCC23)CC1,True
316,319,COc1ccc(-c2cc(NC3CC3)n3ncc(C#N)c3n2)cc1,78.0,4.107905397309519,C1CCC(C2CC3CCCC3C(CC3CC3)C2)CC1,False
653,660,O=C([O-])c1ccc2c(c1)cc(-c1ccncc1)c1ccncc12.[Na+],300.0,3.5228787452803374,C1CCC(C2CC3CCCCC3C3CCCCC23)CC1,True
283,285,COc1cc(-c2cc(C(=O)N[C@@H]3CCCN(C(=O)C4(N)CC4)C3)c3c(N)ncnn23)ccn1,40.0,4.3979400086720375,CC(CC1CCCC(C(C)C2CC2)C1)C1CC(C2CCCCC2)C2CCCCC12,False
96,96,CC(=O)Nc1cccc(Nc2cc(NC3CC3)n3ncc(C#N)c3n2)c1,9.0,5.045757490560675,C1CCC(CC2CC3CCCC3C(CC3CC3)C2)CC1,False
285,287,COc1cc(-c2cc(C(=O)N[C@H]3CC[C@@H](CO)CC3)c3c(N)ncnn23)ccn1,10.0,5.0,CC(CC1CCCCC1)C1CC(C2CCCCC2)C2CCCCC12,False
426,431,Fc1ccc(Nc2nc3cc(-c4nnn[nH]4)ccc3c3sccc23)cc1Cl,288.0,3.5650674535790325,C1CCC(CC2CC3CC(C4CCCC4)CCC3C3CCCC23)CC1,False
225,227,CN1CCN(CC(=O)N[C@@H]2CCN(c3cc(C#N)cc(Nc4nc(NC5CC5)c5ncc(C#N)n5n4)c3Cl)C[C@H]2O)CC1,1.37,5.863279432843593,CC(CC1CCCCC1)CC1CCC(C2CCCC(CC3CC4CCCC4C(CC4CC4)C3)C2)CC1,False
26,26,CC(=O)N1CC(N2CCC(c3cc(C#N)cc(Nc4nc(NC5CC5)c5ncc(C#N)n5n4)c3Cl)CC2)C1,0.28,6.552841968657781,C1CC(C2CCC(C3CCCC(CC4CC5CCCC5C(CC5CC5)C4)C3)CC2)C1,False
557,564,O=C(O)c1ccc2c(c1)nc(NCCCO)c1ccsc12,670.0,3.1739251972991736,C1CCC2C(C1)CCC1CCCC12,True
263,265,COC(=O)c1ccc2c(c1)nc(Nc1cccc(Cl)c1)c1ccncc12,500.0,3.3010299956639813,C1CCC(CC2CC3CCCCC3C3CCCCC23)CC1,True
50,50,CC(=O)Nc1cc(Nc2cc(NC3CC3)n3ncc(C#N)c3n2)ccc1N1CCC[C@@H](N)C1,5.0,5.301029995663981,C1CCC(C2CCC(CC3CC4CCCC4C(CC4CC4)C3)CC2)CC1,False
364,368,CS(=O)(=O)CCN1CCN(c2cc(C#N)cc(Nc3nc(NC4CC4)c4ncc(C#N)n4n3)c2Cl)CC1,1.44,5.841637507904751,C1CCC(C2CCCC(CC3CC4CCCC4C(CC4CC4)C3)C2)CC1,False
229,231,CNC(=O)Cc1cccc(Nc2nc3cc(C(=O)O)ccc3c3sccc23)c1,137.0,3.8632794328435933,C1CCC(CC2CC3CCCCC3C3CCCC23)CC1,False
37,37,CC(=O)Nc1cc(Nc2cc(NC3CC3)n3ncc(C#N)c3n2)c(F)cc1C1CC1,3.0,5.522878745280337,C1CC2CC(CC3CCC(C4CC4)CC3)CC(CC3CC3)C2C1,False
157,158,CCCNC(=O)c1cccc(Nc2nc3cc(-c4nnn[nH]4)ccc3c3sccc23)c1,380.0,3.42021640338319,C1CCC(CC2CC3CC(C4CCCC4)CCC3C3CCCC23)CC1,True
237,239,CNc1ncc2c(n1)c(Nc1ccc(F)c(Cl)c1)nc1cc(C(=O)O)ccc12,20.0,4.698970004336019,C1CCC(CC2CC3CCCCC3C3CCCCC23)CC1,False
680,687,O=c1cc(-c2ccc(O)cc2)oc2cc(O)cc(O)c12,800.0,3.0969100130080562,CC1CC(C2CCCCC2)CC2CCCCC12,True
374,378,C[C@H](O)CCn1nc2c(Br)c(Br)c(Br)c(Br)c2n1,2500.0,2.6020599913279625,C1CCC2CCCC2C1,True
370,374,C[C@@H](O)CN1CCN(c2cc(C#N)cc(Nc3nc(NC4CC4)c4ncc(C#N)n4n3)c2Cl)CC1,0.3,6.522878745280337,C1CCC(C2CCCC(CC3CC4CCCC4C(CC4CC4)C3)C2)CC1,False
175,176,CCOC(=O)N[C@H]1CC[C@H](NC(=O)c2cc(-c3ccncc3)n3ncnc(N)c23)CC1,190.0,3.721246399047171,CC(CC1CCCCC1)C1CC(C2CCCCC2)C2CCCCC12,False
601,608,O=C(O)c1ccc2c(c1)nc(Nc1ccc3[nH]ccc3c1)c1ccsc12,156.0,3.8068754016455384,C1CC2CCC(CC3CC4CCCCC4C4CCCC34)CC2C1,False
495,502,Nc1ncnn2c(-c3ccnc(F)c3)cc(C(=O)N[C@H]3CC[C@H](O)CC3)c12,110.0,3.958607314841775,CC(CC1CCCCC1)C1CC(C2CCCCC2)C2CCCCC12,False
523,530,O=C(O)c1ccc(-c2nnc(NC(=O)c3ccc(F)cc3)s2)cc1,6600.0,2.1804560644581312,CC(CC1CCC(C2CCCCC2)C1)C1CCCCC1,True
194,196,CN(C)C(=O)c1ccc(Nc2ncc(-c3ccc(C(=O)O)cc3)cn2)cc1,560.0,3.2518119729937998,C1CCC(CC2CCC(C3CCCCC3)CC2)CC1,True
603,610,O=C(O)c1ccc2c(c1)nc(Nc1ccc3ccccc3c1)c1ccncc12,100.0,4.0,C1CCC2CC(CC3CC4CCCCC4C4CCCCC34)CCC2C1,False
611,618,O=C(O)c1ccc2c(c1)nc(Nc1cccc(C(F)(F)F)c1)c1ncncc12,54.5,4.48369061957464,C1CCC(CC2CC3CCCCC3C3CCCCC23)CC1,False
527,534,O=C(O)c1ccc(Nc2nc(-c3cc(Br)ccc3O)cs2)cc1,5000.0,2.3010299956639813,C1CCC(CC2CCC(C3CCCCC3)C2)CC1,True
697,710,[C-]#[N+]c1cnc2c(NC3CC3)nc(Nc3nc(C#N)ncc3Cl)nn12,23.09,4.6365760670828235,C1CCC(CC2CC3CCCC3C(CC3CC3)C2)CC1,False
594,601,O=C(O)c1ccc2c(c1)nc(Nc1ccc(F)c(Cl)c1)c1nc(NCc3cccnc3)ncc12,27.0,4.568636235841013,C1CCC(CCC2CCC3C4CCCCC4CC(CC4CCCCC4)C3C2)CC1,False
684,697,OCCCNc1cc(-c2ccnc(Nc3cccc(OC(F)(F)C(F)F)c3)n2)ccn1,3600.0,2.4436974992327127,C1CCC(CC2CCCC(C3CCCCC3)C2)CC1,True
590,597,O=C(O)c1ccc2c(c1)nc(Nc1ccc(F)c(Cl)c1)c1ccncc12,113.0,4.439713034397075,C1CCC(CC2CC3CCCCC3C3CCCCC23)CC1,False
609,616,O=C(O)c1ccc2c(c1)nc(Nc1cccc(C(F)(F)F)c1)c1ccsc12,61.0,4.214670164989233,C1CCC(CC2CC3CCCCC3C3CCCC23)CC1,False
67,67,CC(=O)Nc1cc(Nc2cc(Nc3ccn(CCN(C)C)n3)n3ncc(C#N)c3n2)ccc1C,3.0,5.522878745280337,C1CCC(CC2CC3CCCC3C(CC3CCCC3)C2)CC1,False
652,659,O=C([O-])c1ccc2c(c1)cc(-c1cccnc1)c1ccncc12.[Na+],300.0,3.5228787452803374,C1CCC(C2CC3CCCCC3C3CCCCC23)CC1,True
168,169,CCNc1nc(Nc2cc(C#N)cc(N3CCN(CC(F)F)CC3)c2Cl)nn2c(C#N)cnc12,1.39,5.856985199745905,C1CCC(C2CCCC(CC3CCC4CCCC4C3)C2)CC1,False
585,592,O=C(O)c1ccc2c(c1)nc(Nc1cc(F)ccc1F)c1ccsc12,138.0,3.8601209135987635,C1CCC(CC2CC3CCCCC3C3CCCC23)CC1,False
162,163,CCN(CC)CCN(C)c1ccc(Nc2cc(NC3CC3)n3ncc(C#N)c3n2)cc1NC(C)=O,9.0,5.045757490560675,C1CCC(CC2CC3CCCC3C(CC3CC3)C2)CC1,False
309,312,COc1cc(O)c2c(c1)-c1cc(O)c(O)cc1COC2=O,10.0,5.0,CC1CCC2CCCCC2C2CCCCC12,False
193,195,CCc1nnc(-c2cccc(NC(=O)c3n[nH]c4ccccc34)c2)o1,200000.0,0.6989700043360187,CC(CC1CCCC(C2CCCC2)C1)C1CCC2CCCCC21,True
493,500,Nc1nccn2c1c(-c1ccc3ccc(-c4ccccc4)nc3c1)nc2[C@H]1C[C@@H](CN2CCC2)C1,10000.0,2.0,C1CCC(C2CCC3CCC(C4CC(C5CC(CC6CCC6)C5)C5CCCCC45)CC3C2)CC1,True
365,369,CS(=O)(=O)Cc1cc(NC(=O)c2n[nH]c3ccccc23)ccc1Cl,20000.0,1.6989700043360187,CC(CC1CCCCC1)C1CCC2CCCCC21,True
383,387,Cc1cc(O)cc2oc(=O)c3c(O)cc(OS(=O)(=O)O)cc3c12,2.0,5.698970004336019,CC1CC2CCCCC2C2CCCCC12,False
639,646,O=C(O)c1ccc2c(c1)nc(Nc1ccccc1)c1ncsc12,194.0,3.7158345902731043,C1CCC(CC2CC3CCCCC3C3CCCC23)CC1,False
512,519,O=C(Nc1ccccc1)c1n[nH]c2ccc([N+](=O)[O-])cc12,200000.0,0.6989700043360187,CC(CC1CCCCC1)C1CCC2CCCCC21,True
152,153,CCCCOC(=O)Nc1nnc(-c2ccc(C(=O)O)cc2)s1,7700.0,2.113509274827518,C1CCC(C2CCCC2)CC1,True
513,520,O=C(Nc1n[nH]c2cccc(F)c12)c1ccc2c(c1)CCO2,200000.0,0.6989700043360187,CC(CC1CCC2CCCCC21)C1CCC2CCCC2C1,True
640,647,O=C(O)c1ccc2c(c1)nc(Nc1ccccc1Cl)c1ncncc12,300.0,3.5228787452803374,C1CCC(CC2CC3CCCCC3C3CCCCC23)CC1,True
226,228,CN1CCN(CCCn2nc3c(Br)c(Br)c(Br)c(Br)c3n2)CC1,7300.0,2.136677139879544,C1CCC(CCCC2CC3CCCCC3C2)CC1,True
470,476,NC(=O)Cc1cccc(NC(=O)c2n[nH]c3ccccc23)c1,16900.0,1.7721132953863266,CC(CC1CCCCC1)C1CCC2CCCCC21,True
567,574,O=C(O)c1ccc2c(c1)nc(NCCc1ccccc1)c1ccsc12,761.0,3.14237615882644,C1CCC(CCCC2CC3CCCCC3C3CCCC23)CC1,True
103,103,CC(=O)n1nc(C)c(-c2ccc(Cl)c(Cl)c2)c1N,100000.0,1.0,C1CCC(C2CCCC2)CC1,True
421,426,FC(F)(F)c1cccc(Nc2nc3cc(C4=NNNN4)ccc3c3sccc23)c1,432.0,3.3653042442094683,C1CCC(CC2CC3CC(C4CCCC4)CCC3C3CCCC23)CC1,True
507,514,O=C(NCc1cccnc1)c1cccc(Nc2nc3cc(-c4nnn[nH]4)ccc3c3sccc23)c1,363.0,3.4400933749638876,CC(CCC1CCCCC1)C1CCCC(CC2CC3CC(C4CCCC4)CCC3C3CCCC23)C1,True
537,544,O=C(O)c1ccc(Nc2nc(-c3ccccn3)cs2)cc1,16500.0,1.7875591816844665,C1CCC(CC2CCC(C3CCCCC3)C2)CC1,True
74,74,CC(=O)Nc1cc(Nc2cc(Nc3cn(CCN4CCOCC4)cn3)n3ncc(C#N)c3n2)ccc1C,3.0,5.522878745280337,C1CCC(CCC2CCC(CC3CC(CC4CCCCC4)CC4CCCC43)C2)CC1,False
115,116,CC(C)NC1CCN(c2cc(C#N)cc(Nc3nc(NC4CC4)c4ncc(C#N)n4n3)c2Cl)CC1,31.02,4.508358206522414,C1CCC(C2CCCC(CC3CC4CCCC4C(CC4CC4)C3)C2)CC1,False
407,412,Cc1nnc(NC(=O)/C(C#N)=C/c2ccc(O)c([N+](=O)[O-])c2)s1,320.0,3.494850021680094,CC(CC1CCCC1)CCC1CCCCC1,True
683,696,OCCCCn1nc2c(Br)c(Br)c(Br)c(Br)c2n1,1730.0,2.7619538968712045,C1CCC2CCCC2C1,True
119,120,CC(C)Nc1ccc2cnn(-c3cncc(-c4ccc(C(=O)NS(C)(=O)=O)cc4)n3)c2c1,360.0,3.4436974992327127,C1CCC(C2CCCC(C3CCC4CCCCC43)C2)CC1,True
53,53,CC(=O)Nc1cc(Nc2cc(NC3CC3)n3ncc(C#N)c3n2)ccc1N1CC[C@@H](N)C1,3.0,5.522878745280337,C1CCC(C2CCC(CC3CC4CCCC4C(CC4CC4)C3)CC2)C1,False
151,152,CCCCCOC(=O)Nc1nnc(-c2ccc(C(=O)O)cc2)s1,4500.0,2.3467874862246565,C1CCC(C2CCCC2)CC1,True
403,407,Cc1nn(C)c2nnc(Nc3ccc(S(=O)(=O)NCCN)cc3)nc12,50000.0,1.3010299956639813,C1CCC(CC2CCC3CCCC3C2)CC1,True
668,675,O=C([O-])c1ccc2c(ccc3ccnc(Cl)c32)c1.[Na+],300.0,3.5228787452803374,C1CCC2C(C1)CCC1CCCCC12,True
207,209,CN(C)c1ccc(C(=O)Nc2cccc(NC(=O)COc3ccc4c(=O)ccoc4c3)c2)cc1,10000.0,2.0,CC(CCC1CCC2C(C)CCCC2C1)CC1CCCC(CC(C)C2CCCCC2)C1,True
548,555,O=C(O)c1ccc2c(c1)nc(NC1CC1)c1nc(NC3CC3)ncc12,6.0,5.221848749616356,C1CCC2C(C1)CC(CC1CC1)C1CC(CC3CC3)CCC21,False
503,510,O=C(NC1CC1)c1cccc(Nc2nc3cc(-c4nnn[nH]4)ccc3c3sccc23)c1,237.0,3.625251653989896,CC(CC1CC1)C1CCCC(CC2CC3CC(C4CCCC4)CCC3C3CCCC23)C1,False
481,488,NS(=O)(=O)c1cccc(Nc2nc3cc(C(=O)O)ccc3c3sccc23)c1,103.0,3.987162775294828,C1CCC(CC2CC3CCCCC3C3CCCC23)CC1,False
547,554,O=C(O)c1ccc2c(c1)nc(NC1CC1)c1ccsc12,970.0,3.0132282657337552,C1CCC2C(C1)CC(CC1CC1)C1CCCC21,True
8,8,C#Cc1cccc(Nc2nc3cc(C(=O)O)ccc3c3cnc(NCC4CC4)nc23)c1,38.5,4.434833115752497,C1CCC(CC2CC3CCCCC3C3CCC(CCC4CC4)CC23)CC1,False
597,604,O=C(O)c1ccc2c(c1)nc(Nc1ccc(F)c(F)c1)c1ccsc12,127.0,3.896196279044043,C1CCC(CC2CC3CCCCC3C3CCCC23)CC1,False
36,36,CC(=O)Nc1cc(Nc2cc(NC3CC3)n3ncc(C#N)c3n2)c(F)cc1C,3.0,5.522878745280337,C1CCC(CC2CC3CCCC3C(CC3CC3)C2)CC1,False
452,458,N#Cc1cc(Nc2nc(NC3CC3)c3ncc(C#N)n3n2)c(Cl)c(N2CC[C@@H](NC(=O)OC3COC3)[C@H](O)C2)c1,1.36,5.866461091629782,CC(CC1CCC1)CC1CCC(C2CCCC(CC3CC4CCCC4C(CC4CC4)C3)C2)CC1,False
139,140,CC(O)Cn1nc2c(Br)c(Br)c(Br)c(Br)c2n1,5400.0,2.2676062401770314,C1CCC2CCCC2C1,True
253,255,COC(=O)N[C@H]1CN(c2cc(C(F)F)cc(Nc3nc(NC4CC4)c4ncc(C#N)n4n3)c2Cl)C[C@H]1OC,3.83,5.416801226031377,C1CCC(C2CCCC(CC3CC4CCCC4C(CC4CC4)C3)C2)C1,False
303,306,COc1cc(Nc2nc3cc(-c4nnn[nH]4)ccc3c3sccc23)cc(OC)c1,349.0,3.457176355851572,C1CCC(CC2CC3CC(C4CCCC4)CCC3C3CCCC23)CC1,True
533,540,O=C(O)c1ccc(Nc2nc(-c3ccc4sccc4c3)cs2)cc1,4000.0,2.3979400086720375,C1CCC(CC2CCC(C3CCC4CCCC4C3)C2)CC1,True
536,543,O=C(O)c1ccc(Nc2nc(-c3ccccc3)cs2)cc1,9000.0,2.0457574905606752,C1CCC(CC2CCC(C3CCCCC3)C2)CC1,True
368,372,CS(=O)(=O)c1cccc(NC(=O)c2n[nH]c3ccccc23)c1,10900.0,1.9625735020593764,CC(CC1CCCCC1)C1CCC2CCCCC21,True
59,59,CC(=O)Nc1cc(Nc2cc(NC3CCC3)n3ncc(C#N)c3n2)c(F)cc1C,3.0,5.522878745280337,C1CCC(CC2CC3CCCC3C(CC3CCC3)C2)CC1,False
111,111,CC(C)(C)[Si](C)(C)O[C@@H]1CC(N2CCC(c3cc(C#N)cc(Nc4nc(NC5CC5)c5ncc(C#N)n5n4)c3Cl)CC2)CC[C@H]1N,8.54,5.068542129310995,C1CCC(C2CCC(C3CCCC(CC4CC5CCCC5C(CC5CC5)C4)C3)CC2)CC1,False
642,649,O=C(O)c1ccc2c(c1)nc(Nc1cncc(C3CC3)c1)c1ccncc12,750.0,3.1249387366083,C1CC(CC2CC3CCCCC3C3CCCCC23)CC(C2CC2)C1,True
518,525,O=C(O)Cc1ccc(Nc2nc(-c3cccc([N+](=O)[O-])c3)cs2)cc1,50000.0,1.3010299956639813,C1CCC(CC2CCC(C3CCCCC3)C2)CC1,True
542,549,O=C(O)c1ccc2c(c1)[nH]c(=O)c1ncsc12,4700.0,2.3279021420642825,CC1CC2CCCCC2C2CCCC12,True
262,264,COC(=O)c1ccc2c(c1)nc(Nc1ccc(F)c(Cl)c1)c1ncncc12,50000.0,1.3010299956639813,C1CCC(CC2CC3CCCCC3C3CCCCC23)CC1,True
596,603,O=C(O)c1ccc2c(c1)nc(Nc1ccc(F)c(Cl)c1)c1ncsc12,120.0,3.9208187539523753,C1CCC(CC2CC3CCCCC3C3CCCC23)CC1,False
297,300,COc1cc(/C=C(\C#N)C(=O)Nc2nnc(C(C)(C)C)s2)ccc1O,360.0,3.4436974992327127,CC(CC1CCCC1)CCC1CCCCC1,True
477,484,NCCCC[C@H](NC(=O)[C@H](CC(=O)O)NC(=O)[C@H](CC(=O)O)NC(=O)[C@H](CC(=O)O)NC(=O)[C@H](CC(=O)O)NC(=O)[C@H](CC(=O)O)NC(=O)[C@H](CC(=O)O)NC(=O)CCCCCCCCOc1nc2cc(C(=O)O)ccc2c2cnccc12)C(=O)O,4.0,5.3979400086720375,C1CCC2C(C1)CCC1CCCCC12,False
414,419,Clc1cccc(Nc2nccc(-c3ccnc(NCCc4c[nH]cn4)c3)n2)c1,3200.0,2.494850021680094,C1CCC(CC2CCCC(C3CCCC(CCCC4CCCC4)C3)C2)CC1,True
150,151,CCCCCCOC(=O)Nc1nnc(-c2ccc(C(=O)O)cc2)s1,6100.0,2.214670164989233,C1CCC(C2CCCC2)CC1,True
433,439,N#CCc1c[nH]c2cc(Cl)c(Br)cc12,11000.0,1.958607314841775,C1CCC2CCCC2C1,True
582,589,O=C(O)c1ccc2c(c1)nc(Nc1cc(F)cc(F)c1)c1ccsc12,2204.0,3.2588062061537846,C1CCC(CC2CC3CCCCC3C3CCCC23)CC1,True
440,446,N#Cc1cc(Nc2nc(NC3CC3)c3ncc(C#N)n3n2)c(Cl)c(C2CCN(C(=O)OC3COC3)CC2)c1,1.35,5.8696662315049934,CC(CC1CCC1)C1CCC(C2CCCC(CC3CC4CCCC4C(CC4CC4)C3)C2)CC1,False
674,681,O=C1c2ccc(O)c(O)c2C(=O)c2c(O)ccc(O)c21,110.0,3.958607314841775,CC1C2CCCCC2C(C)C2CCCCC12,False
266,268,COC(=O)c1ccc2c(c1)nc(Nc1ccccc1)c1ccncc12,200.0,3.6989700043360187,C1CCC(CC2CC3CCCCC3C3CCCCC23)CC1,False
617,624,O=C(O)c1ccc2c(c1)nc(Nc1cccc(Cl)c1F)c1ccsc12,335.0,3.474955192963155,C1CCC(CC2CC3CCCCC3C3CCCC23)CC1,True
359,363,COc1nc(Nc2ccc(C(=O)N(C)C)cc2)ncc1-c1ccc(C(=O)O)s1,70.0,4.154901959985743,C1CCC(CC2CCC(C3CCCC3)CC2)CC1,False
629,636,O=C(O)c1ccc2c(c1)nc(Nc1ccccc1)c1ccncc12,13.5,4.869964306007462,C1CCC(CC2CC3CCCCC3C3CCCCC23)CC1,False
38,38,CC(=O)Nc1cc(Nc2cc(NC3CC3)n3ncc(C#N)c3n2)ccc1C,3.0,5.522878745280337,C1CCC(CC2CC3CCCC3C(CC3CC3)C2)CC1,False
127,128,CC(C)Nc1ccc2cnn(-c3cncc(-c4ccc(CN)cc4)n3)c2c1,310.0,3.5086383061657274,C1CCC(C2CCCC(C3CCC4CCCCC43)C2)CC1,True
423,428,Fc1cc(F)cc(Nc2nc3cc(-c4nnn[nH]4)ccc3c3sccc23)c1,204.0,3.6903698325741012,C1CCC(CC2CC3CC(C4CCCC4)CCC3C3CCCC23)CC1,False
416,421,Cn1c(=O)c(S(=O)(=O)c2ccc(F)cc2F)cc2cnc(Nc3ccc4[nH]ccc4c3)nc21,10000.0,2.0,CC1CC2CC(CC3CCC4CCCC4C3)CCC2CC1C(C)(C)C1CCCCC1,True
488,495,Nc1ncc2c(n1)c(Nc1ccc(F)c(Cl)c1)nc1cc(C(=O)O)ccc12,25.5,4.755724641749778,C1CCC(CC2CC3CCCCC3C3CCCCC23)CC1,False
307,310,COc1cc(O)c2c(=O)oc3c(O)c(O)cc(C)c3c2c1,10.0,5.0,CC1CC2CCCCC2C2CCCCC12,False
198,200,CN(C)CCNC(=O)c1cccc(Nc2nc3cc(C(=O)O)ccc3c3sccc23)c1,366.0,3.4365189146055894,C1CCC(CC2CC3CCCCC3C3CCCC23)CC1,True
351,355,COc1cccc(Nc2nc3cc(-c4nnn[nH]4)ccc3c3sccc23)c1,236.0,3.643675149186394,C1CCC(CC2CC3CC(C4CCCC4)CCC3C3CCCC23)CC1,False
519,526,O=C(O)Cc1ccn(-c2cncc(-n3ncc4ccc(NC5CCCC5)cc43)n2)c1,110.0,3.958607314841775,C1CCC(CC2CCC3CCC(C4CCCC(C5CCCC5)C4)C3C2)C1,False
146,147,CC1CN(c2ccncc2NC(=O)c2ccnn3cc(-c4ccccc4)nc23)CCO1,2000.0,2.6989700043360187,CC(CC1CCCCC1C1CCCCC1)C1CCCC2CC(C3CCCCC3)CC21,True
450,456,N#Cc1cc(Nc2nc(NC3CC3)c3ncc(C#N)n3n2)c(Cl)c(N2CCC(O)C2)c1,0.17,6.769551078621726,C1CCC(C2CCCC(CC3CC4CCCC4C(CC4CC4)C3)C2)C1,False
657,664,O=C([O-])c1ccc2c(c1)cc(Br)c1ccncc12.[Na+],300.0,3.5228787452803374,C1CCC2C(C1)CCC1CCCCC12,True
532,539,O=C(O)c1ccc(Nc2nc(-c3ccc4ccccc4c3)cs2)cc1O,1000.0,3.0,C1CCC(CC2CCC(C3CCC4CCCCC4C3)C2)CC1,True
419,424,Cn1nc(C#N)c2cc(Nc3nc(NC4CC4)c4ncc(C#N)n4n3)ccc21,0.15,6.823908740944319,C1CC2CCC(CC3CC4CCCC4C(CC4CC4)C3)CC2C1,False
442,448,N#Cc1cc(Nc2nc(NC3CC3)c3ncc(C#N)n3n2)c(Cl)c(C2CCN(CCC(F)(F)F)CC2)c1,5.87,5.231361898752385,C1CCC(C2CCCC(CC3CC4CCCC4C(CC4CC4)C3)C2)CC1,False
631,638,O=C(O)c1ccc2c(c1)nc(Nc1ccccc1)c1nc(NC3CC3)ncc12,27.0,4.568636235841013,C1CCC(CC2CC3CCCCC3C3CCC(CC4CC4)CC23)CC1,False
147,148,CCC(=O)Nc1cc(Nc2cc(NC3CC3)n3ncc(C#N)c3n2)ccc1C,36.0,4.443697499232712,C1CCC(CC2CC3CCCC3C(CC3CC3)C2)CC1,False
570,577,O=C(O)c1ccc2c(c1)nc(NCc1ccccc1)c1nc(NC3CC3)ncc12,35.0,4.455931955649724,C1CCC(CCC2CC3CCCCC3C3CCC(CC4CC4)CC23)CC1,False
348,351,COc1cccc(-c2csc(Nc3ccc(C(=O)O)cc3)n2)c1,12000.0,1.9208187539523751,C1CCC(CC2CCC(C3CCCCC3)C2)CC1,True
463,469,N#Cc1cnc2c(NC3CC3)nc(Nc3cc(C(F)F)cc(N4CCN(C5(CS(=O)(=O)c6ccccc6)COC5)CC4)c3Cl)nn12,13.86,4.858236769724212,CC(C)(CC1(C2CCC(C3CCCC(CC4CC5CCCC5C(CC5CC5)C4)C3)CC2)CCC1)C1CCCCC1,False
325,328,COc1ccc(C(=O)Nc2ncc(-c3ccc(C(=O)O)cc3OCCc3ccccc3)s2)cc1,15.0,4.823908740944319,CC(CC1CCC(C2CCCCC2CCCC2CCCCC2)C1)C1CCCCC1,False
186,188,CC[C@H](C)Nc1cc2cc(C(=O)O)ccc2c2cnccc12,300.0,3.5228787452803374,C1CCC2C(C1)CCC1CCCCC12,True
123,124,CC(C)Nc1ccc2cnn(-c3cncc(-c4ccc(C(=O)O)cc4F)n3)c2c1,172.5,4.384775539310863,C1CCC(C2CCCC(C3CCC4CCCCC43)C2)CC1,False
602,609,O=C(O)c1ccc2c(c1)nc(Nc1ccc3cc[nH]c3c1)c1ccsc12,121.0,3.9172146296835497,C1CC2CCC(CC3CC4CCCCC4C4CCCC34)CC2C1,False
143,144,CC1CCC(c2nc(-c3ccc(F)cc3)c(-c3ccncc3)[nH]2)CC1,100000.0,1.0,C1CCC(C2CC(C3CCCCC3)C(C3CCCCC3)C2)CC1,True
675,682,O=P(O)(O)OCCCn1nc2c(Br)c(Br)c(Br)c(Br)c2n1,2200.0,2.657577319177794,C1CCC2CCCC2C1,True
197,199,CN(C)CCNC(=O)c1cccc(Nc2nc3cc(-c4nnn[nH]4)ccc3c3sccc23)c1,549.0,3.260427655549908,C1CCC(CC2CC3CC(C4CCCC4)CCC3C3CCCC23)CC1,True
279,281,COCCOC(=O)N[C@@H]1CCN(c2cc(C#N)cc(Nc3nc(NC4CC4)c4ncc(C#N)n4n3)c2Cl)C[C@H]1O,1.53,5.815308569182402,C1CCC(C2CCCC(CC3CC4CCCC4C(CC4CC4)C3)C2)CC1,False
293,295,COc1cc(-c2nc(-c3c[nH]c4ccccc34)c[nH]c2=O)cc(OC)c1OC,100000.0,1.0,CC1CCC(C2CCC3CCCCC32)CC1C1CCCCC1,True
400,404,Cc1nn(C)c2nnc(Nc3ccc(S(=O)(=O)N4CCOCC4)cc3)nc12,25000.0,1.6020599913279623,CC(C)(C1CCCCC1)C1CCC(CC2CCC3CCCC3C2)CC1,True
122,123,CC(C)Nc1ccc2cnn(-c3cncc(-c4ccc(C(=O)O)cc4Cl)n3)c2c1,1707.5,3.6462149119510316,C1CCC(C2CCCC(C3CCC4CCCCC43)C2)CC1,False
183,184,CCOc1ncc2c(n1)c(NC1CC1)nc1cc(C(=O)O)ccc12,493.0,3.30715308072277,C1CCC2C(C1)CC(CC1CC1)C1CCCCC21,True
202,204,CN(C)CCNc1nc2cc(C(=O)O)ccc2c2cnc(NC3CC3)nc12,750.0,3.1249387366083,C1CCC2C(C1)CCC1CC(CC3CC3)CCC12,True
438,444,N#Cc1cc(CO)c(Cl)c(Nc2nc(NC3CC3)c3ncc(C#N)n3n2)c1,0.16,6.795880017344075,C1CCC(CC2CC3CCCC3C(CC3CC3)C2)CC1,False
246,248,COC(=O)N[C@@H]1CCN(c2cc(C#N)cc(Nc3nc(NC4CC4)c4ncc(C#N)n4n3)c2Cl)C[C@@H]1F,0.14,6.853871964321762,C1CCC(C2CCCC(CC3CC4CCCC4C(CC4CC4)C3)C2)CC1,False
415,420,Clc1nc2ccccc2c2sccc12,5000.0,2.3010299956639813,C1CCC2C(C1)CCC1CCCC12,True
628,635,O=C(O)c1ccc2c(c1)nc(Nc1ccccc1)c1ccccc12,1600.0,2.795880017344075,C1CCC(CC2CC3CCCCC3C3CCCCC23)CC1,True
129,130,CC(C)Nc1ccc2cnn(-c3cncc(-c4csc(C(=O)O)c4)n3)c2c1,1663.0,3.533256356075647,C1CCC(C2CCCC(C3CCC4CCCCC43)C2)C1,True
402,406,Cc1nn(C)c2nnc(Nc3ccc(S(=O)(=O)NCC(O)CO)cc3)nc12,50000.0,1.3010299956639813,C1CCC(CC2CCC3CCCC3C2)CC1,True
559,566,O=C(O)c1ccc2c(c1)nc(NCCN1CCCC1)c1ccsc12,255.5,3.5946149943828183,C1CCC(CCCC2CC3CCCCC3C3CCCC23)C1,False
551,558,O=C(O)c1ccc2c(c1)nc(NC1CC1)c1nc(NCc3ccccc3)ncc12,59.0,4.229147988357856,C1CCC(CCC2CCC3C4CCCCC4CC(CC4CC4)C3C2)CC1,False
219,221,CN1C(C)(C)CC(Oc2cc(OC3CC(C)(C)N(C)C(C)(C)C3)c(Nc3nc(NC4CC4)c4ncc(C#N)n4n3)cc2C#N)CC1(C)C,60.08,4.221270076003888,C1CCC(CC2CCC(CC3CC4CCCC4C(CC4CC4)C3)C(CC3CCCCC3)C2)CC1,False
644,651,O=C(O)c1ccc2c3sccc3c(=O)n(CCCO)c2c1,2800.0,2.5528419686577806,CC1CC2CCCCC2C2CCCC12,True
539,546,O=C(O)c1ccc(Nc2ncc3c(n2)-c2ccc(Cl)cc2C(c2c(F)cccc2F)=NC3)cc1,20500.0,1.6882461389442456,C1CCC(CC2CCC3CCC(C4CCCCC4)C4CCCCC4C3C2)CC1,True
647,654,O=C(O)c1cccc(Nc2nc(-c3cccc([N+](=O)[O-])c3)cs2)c1,27700.0,1.5575202309355514,C1CCC(CC2CCC(C3CCCCC3)C2)CC1,True
595,602,O=C(O)c1ccc2c(c1)nc(Nc1ccc(F)c(Cl)c1)c1ncncc12,110.0,3.958607314841775,C1CCC(CC2CC3CCCCC3C3CCCCC23)CC1,False
386,390,Cc1ccc(-n2nc(C(C)(C)C)cc2NC(=O)Nc2ccc(OCCN3CCOCC3)c3ccccc23)cc1,30000.0,1.5228787452803376,CC(CC1CCCC1C1CCCCC1)CC1CCC(CCCC2CCCCC2)C2CCCCC12,True
686,699,OCCCn1nc2c(Br)c(Br)c(Br)c(Br)c2n1,340.0,3.4685210829577446,C1CCC2CCCC2C1,True
509,516,O=C(Nc1ccc2c(c1)OCCO2)c1n[nH]c2ccccc12,15200.0,1.8181564120552274,CC(CC1CCC2CCCCC2C1)C1CCC2CCCCC21,True
267,269,COC(=O)c1ccc2c(c1)nc(Nc1ccccc1)c1nc(S(C)(=O)=O)ncc12,500.0,3.3010299956639813,C1CCC(CC2CC3CCCCC3C3CCCCC23)CC1,True
441,447,N#Cc1cc(Nc2nc(NC3CC3)c3ncc(C#N)n3n2)c(Cl)c(C2CCN(C3CC(CO)(CO)C3)CC2)c1,1.34,5.872895201635193,C1CC(C2CCC(C3CCCC(CC4CC5CCCC5C(CC5CC5)C4)C3)CC2)C1,False
496,503,Nc1ncnn2c(-c3ccncc3)cc(C(=O)NC3CCOCC3)c12,170.0,3.769551078621726,CC(CC1CCCCC1)C1CC(C2CCCCC2)C2CCCCC12,False
112,112,CC(C)(C)c1csc(Nc2ccc(C(=O)O)cc2)n1,50000.0,1.3010299956639813,C1CCC(CC2CCCC2)CC1,True
232,234,CNC(=O)c1cccc(Nc2nc3cc(C(=O)O)ccc3c3sccc23)c1,129.0,3.889410289700751,C1CCC(CC2CC3CCCCC3C3CCCC23)CC1,False
616,623,O=C(O)c1ccc2c(c1)nc(Nc1cccc(Cl)c1)c1ncncc12,7.0,5.154901959985743,C1CCC(CC2CC3CCCCC3C3CCCCC23)CC1,False
373,377,C[C@H](Nc1nc(Nc2cn(C)cn2)c2cc[nH]c2n1)c1ncc(F)cn1,30000.0,1.5228787452803376,C1CCC(CCC2CC3CCCC3C(CC3CCCC3)C2)CC1,True
233,235,CNCCCNC(=O)c1cc(-c2ccncc2)n2ncnc(N)c12,4400.0,2.3565473235138126,C1CCC(C2CCC3CCCCC32)CC1,True
678,685,O=c1[nH]c2cc(-c3nn[nH]n3)ccc2c2sccc12,900.0,3.0457574905606752,CC1CC2CC(C3CCCC3)CCC2C2CCCC12,True
317,320,COc1ccc(-c2cc(Nc3ccn(C)n3)n3ncc(C#N)c3n2)cc1,52.0,4.2839966563652006,C1CCC(C2CC3CCCC3C(CC3CCCC3)C2)CC1,False
410,415,Clc1cc2[nH]ccc2cc1Br,333000.0,0.4775557664936801,C1CCC2CCCC2C1,True
633,640,O=C(O)c1ccc2c(c1)nc(Nc1ccccc1)c1nc(NCCCN3CCOCC3)ncc12,89.0,4.050609993355088,C1CCC(CCCCC2CCC3C4CCCCC4CC(CC4CCCCC4)C3C2)CC1,False
358,362,COc1nc(Nc2ccc(C(=O)N(C)C)cc2)ncc1-c1cc(C(=O)O)cs1,100.0,4.0,C1CCC(CC2CCC(C3CCCC3)CC2)CC1,False
258,260,COC(=O)c1ccc2c(c1)nc(Cl)c1ncncc12,651.0,3.186419011431808,C1CCC2C(C1)CCC1CCCCC12,True
282,284,COc1cc(-c2cc(C(=O)NC[C@H]3CC[C@H](O)CC3)c3c(N)ncnn23)ccn1,20.0,4.698970004336019,CC(CCC1CCCCC1)C1CC(C2CCCCC2)C2CCCCC12,False
376,380,Cc1cc(-c2cncc(-n3ncc4ccc(NC(C)C)cc43)n2)ccc1C(=O)O,460.0,3.337242168318426,C1CCC(C2CCCC(C3CCC4CCCCC43)C2)CC1,True
384,388,Cc1cc2cc(C(=O)[O-])ccc2c2cnccc12.[Na+],300.0,3.5228787452803374,C1CCC2C(C1)CCC1CCCCC12,True
224,226,CN1CCCN(c2cncc(-c3cccc(/C=C/C(=O)O)c3)n2)CC1,663.0,3.178486471595227,C1CCCC(C2CCCC(C3CCCCC3)C2)CC1,True
673,680,O=C1Nc2ccc(I)cc2/C1=C/c1cc(Br)c(O)c(Br)c1,279.0,3.5543957967264026,CC1CC2CCCCC2C1CC1CCCCC1,False
578,585,O=C(O)c1ccc2c(c1)nc(Nc1cc(Cl)ccc1F)c1ccsc12,70.0,4.154901959985743,C1CCC(CC2CC3CCCCC3C3CCCC23)CC1,False
472,478,NC(=O)c1ccc2c(c1)cc(Br)c1ccnc(N)c12,1000.0,3.0,C1CCC2C(C1)CCC1CCCCC12,True
347,350,COc1ccc2cc(-c3n[nH]c4cccnc34)[nH]c2c1,30000.0,1.5228787452803376,C1CCC2CC(C3CCC4CCCCC43)CC2C1,True
505,512,O=C(NCCCO)c1ccc2c(c1)nc(NCCCO)c1ccsc12,10000.0,2.0,C1CCC2C(C1)CCC1CCCC12,True
698,711,[C-]#[N+]c1cnc2c(NCC)nc(Nc3cc(C#N)cc(C4CCNCC4)c3Cl)nn12,1.42,5.847711655616943,C1CCC(C2CCCC(CC3CCC4CCCC4C3)C2)CC1,False
655,662,O=C([O-])c1ccc2c(c1)cc(Br)c1ccnc(Cl)c12.[Na+],300.0,3.5228787452803374,C1CCC2C(C1)CCC1CCCCC12,True
638,645,O=C(O)c1ccc2c(c1)nc(Nc1ccccc1)c1ncncc12,740.0,3.1307682802690238,C1CCC(CC2CC3CCCCC3C3CCCCC23)CC1,True
604,611,O=C(O)c1ccc2c(c1)nc(Nc1ccc3ccccc3c1)c1ncncc12,21.0,4.6777807052660805,C1CCC2CC(CC3CC4CCCCC4C4CCCCC34)CCC2C1,False
556,563,O=C(O)c1ccc2c(c1)nc(NC1CC1)c1nc(SCc3ccccc3Cl)ncc12,750.0,3.1249387366083,C1CCC(CCC2CCC3C4CCCCC4CC(CC4CC4)C3C2)CC1,True
85,85,CC(=O)Nc1ccc2c(c1)nc(Nc1cccc(C(F)(F)F)c1)c1nc(NC3CC3)ncc12,750.0,3.1249387366083,C1CCC(CC2CC3CCCCC3C3CCC(CC4CC4)CC23)CC1,True
242,244,CNc1nccc2c(Br)cc3cc(C(=O)[O-])ccc3c12.[Na+],300.0,3.5228787452803374,C1CCC2C(C1)CCC1CCCCC12,True
159,160,CCCNc1ncc2c(n1)c(NC1CC1)nc1cc(C(=O)O)ccc12,15.0,4.823908740944319,C1CCC2C(C1)CC(CC1CC1)C1CCCCC21,False
524,531,O=C(O)c1ccc(-c2nnc(NC(=O)c3ccccc3)s2)cc1,4400.0,2.3565473235138126,CC(CC1CCC(C2CCCCC2)C1)C1CCCCC1,True
35,35,CC(=O)NCc1ccc(-c2cncc(-n3ncc4ccc(NC(C)C)cc43)n2)cc1,20000.0,1.6989700043360187,C1CCC(C2CCCC(C3CCC4CCCCC43)C2)CC1,True
540,547,O=C(O)c1ccc2c(c1)[nH]c(=O)c1ccncc12,180.0,3.744727494896694,CC1CC2CCCCC2C2CCCCC12,False
170,171,CCNc1nc(Nc2ccc3c(c2)c(C#N)nn3C2CCN(C3COC3)CC2)nn2c(C#N)cnc12,1.44,5.841637507904751,C1CC(C2CCC(C3CCC4CC(CC5CCC6CCCC6C5)CCC43)CC2)C1,False
606,613,O=C(O)c1ccc2c(c1)nc(Nc1cccc(C(=O)N3CCOCC3)c1)c1ccsc12,307.0,3.5128616245228135,CC(C1CCCCC1)C1CCCC(CC2CC3CCCCC3C3CCCC23)C1,True
598,605,O=C(O)c1ccc2c(c1)nc(Nc1ccc(F)cc1)c1ccsc12,310.0,3.5086383061657274,C1CCC(CC2CC3CCCCC3C3CCCC23)CC1,True
667,674,O=C([O-])c1ccc2c(c1)cc([N+](=O)[O-])c1ccncc12.[Na+],300.0,3.5228787452803374,C1CCC2C(C1)CCC1CCCCC12,True
95,95,CC(=O)Nc1cccc(-c2ccc3cnn(-c4cncc(C#N)n4)c3c2)c1,13000.0,1.8860566476931633,C1CCC(C2CCC3CCC(C4CCCCC4)C3C2)CC1,True
563,570,O=C(O)c1ccc2c(c1)nc(NCCc1cccc(Cl)c1)c1ncncc12,830.0,3.0809219076239263,C1CCC(CCCC2CC3CCCCC3C3CCCCC23)CC1,True
240,242,CNc1ncc2c(n1)c(Nc1ccccc1)nc1cc(C(=O)OC)ccc12,500.0,3.3010299956639813,C1CCC(CC2CC3CCCCC3C3CCCCC23)CC1,True
574,581,O=C(O)c1ccc2c(c1)nc(NCc1cccnc1)c1ccsc12,900.0,3.0457574905606752,C1CCC(CCC2CC3CCCCC3C3CCCC23)CC1,True
460,466,N#Cc1cccc(Nc2nc3cc(C(=O)O)ccc3c3sccc23)c1,10660.0,1.9722427953094466,C1CCC(CC2CC3CCCCC3C3CCCC23)CC1,True
553,560,O=C(O)c1ccc2c(c1)nc(NC1CC1)c1nc(NCc3ccncc3)ncc12,93.0,4.031517051446065,C1CCC(CCC2CCC3C4CCCCC4CC(CC4CC4)C3C2)CC1,False
621,628,O=C(O)c1ccc2c(c1)nc(Nc1cccc(F)c1)c1ncncc12,26.0,4.585026652029182,C1CCC(CC2CC3CCCCC3C3CCCCC23)CC1,False
206,208,CN(C)CCn1c(=O)c2ccsc2c2ccc(C(=O)O)cc21,12500.0,1.9030899869919435,CC1CC2CCCCC2C2CCCC12,True
392,396,Cc1cccc(Nc2nc3cc(C(=O)O)ccc3c3sccc23)c1,90.0,4.045757490560675,C1CCC(CC2CC3CCCCC3C3CCCC23)CC1,False
397,401,Cc1nn(C)c2nnc(Nc3ccc(S(=O)(=O)N4CCCNCC4)cc3)nc12,50000.0,1.3010299956639813,CC(C)(C1CCCCCC1)C1CCC(CC2CCC3CCCC3C2)CC1,True
599,606,O=C(O)c1ccc2c(c1)nc(Nc1ccc(F)cc1F)c1ccsc12,670.0,3.1739251972991736,C1CCC(CC2CC3CCCCC3C3CCCC23)CC1,True
217,219,CN1C(C)(C)CC(Oc2cc(F)c(C#N)cc2Nc2nc(NC3CC3)c3ncc(C#N)n3n2)CC1(C)C,8.62,5.064492734175287,C1CCC(CC2CCCCC2CC2CC3CCCC3C(CC3CC3)C2)CC1,False
4,4,C#Cc1cccc(Nc2nc3cc(-c4nnn[nH]4)ccc3c3sccc23)c1,141.0,3.85078088734462,C1CCC(CC2CC3CC(C4CCCC4)CCC3C3CCCC23)CC1,False
632,639,O=C(O)c1ccc2c(c1)nc(Nc1ccccc1)c1nc(NC3CCNCC3)ncc12,56.0,4.251811972993799,C1CCC(CC2CCC3C4CCCCC4CC(CC4CCCCC4)C3C2)CC1,False
546,553,O=C(O)c1ccc2c(c1)nc(NC1CC1)c1ccncc12,16.0,4.795880017344075,C1CCC2C(C1)CC(CC1CC1)C1CCCCC21,False
98,98,CC(=O)Nc1cnc2ccn(-c3cc(NC4CC4)n4ncc(C#N)c4n3)c2c1,3.0,5.522878745280337,C1CCC2C(C1)CCC2C1CC2CCCC2C(CC2CC2)C1,False
573,580,O=C(O)c1ccc2c(c1)nc(NCc1ccccn1)c1ccsc12,872.0,3.059483515067433,C1CCC(CCC2CC3CCCCC3C3CCCC23)CC1,True
406,410,Cc1nn(C)c2nnc(Nc3ccc(S(N)(=O)=O)cc3)nc12,50000.0,1.3010299956639813,C1CCC(CC2CCC3CCCC3C2)CC1,True
502,509,O=C(NC1CC1)c1ccc2c(c1)nc(Nc1cccc(C(F)(F)F)c1)c1nc(NC3CC3)ncc12,750.0,3.1249387366083,CC(CC1CC1)C1CCC2C(C1)CC(CC1CCCCC1)C1CC(CC3CC3)CCC21,True
47,47,CC(=O)Nc1cc(Nc2cc(NC3CC3)n3ncc(C#N)c3n2)ccc1N(C)C[C@@H](C)N,3.0,5.522878745280337,C1CCC(CC2CC3CCCC3C(CC3CC3)C2)CC1,False
32,32,CC(=O)NCCC(=O)Nc1ccc2cnn(-c3cncc(C#N)n3)c2c1,30000.0,1.5228787452803376,C1CCC(C2CCC3CCCCC32)CC1,True
200,202,CN(C)CCNc1nc2cc(-c3nnn[nH]3)ccc2c2sccc12,281.0,3.5536188826920916,C1CCC(C2CCC3C(CCC4CCCC43)C2)C1,False
134,135,CC(C)OC(=O)Nc1ccc2c(c1)nc(Nc1cccc(C(F)(F)F)c1)c1nc(NC3CC3)ncc12,750.0,3.1249387366083,C1CCC(CC2CC3CCCCC3C3CCC(CC4CC4)CC23)CC1,True
27,27,CC(=O)N1CCC(c2cc(C#N)cc(Nc3nc(NC4CC4)c4ncc(C#N)n4n3)c2Cl)CC1,0.21,6.6777807052660805,C1CCC(C2CCCC(CC3CC4CCCC4C(CC4CC4)C3)C2)CC1,False
623,630,O=C(O)c1ccc2c(c1)nc(Nc1cccc(F)c1F)c1ccsc12,256.0,3.5917600346881504,C1CCC(CC2CC3CCCCC3C3CCCC23)CC1,False
230,232,CNC(=O)c1ccc2c(c1)nc(Nc1cccc(C(F)(F)F)c1)c1nc(NC3CC3)ncc12,750.0,3.1249387366083,C1CCC(CC2CC3CCCCC3C3CCC(CC4CC4)CC23)CC1,True
489,496,Nc1ncc2c(n1)c(Nc1cccc(C(F)(F)F)c1)nc1cc(C(=O)O)ccc12,14.0,4.853871964321762,C1CCC(CC2CC3CCCCC3C3CCCCC23)CC1,False
378,382,Cc1cc(NC2=NC(=O)/C(=C\c3c4ccccc4cc4ccccc34)S2)no1,171.0,3.767003889607846,CC1CC(CC2CCCC2)CC1CC1C2CCCCC2CC2CCCCC21,False
288,290,COc1cc(-c2cc(C(=O)N[C@H]3CC[C@H](NC(=O)C(C)(C)O)CC3)c3c(N)ncnn23)ccn1,10.0,5.0,CC(CC1CCCCC1)C1CC(C2CCCCC2)C2CCCCC12,False
418,423,Cn1cc(-c2cnc3c(-c4csc(C(=O)N[C@@H]5CCCC[C@@H]5N)c4)cnn3c2)cn1,10000.0,2.0,CC(CC1CCCCC1)C1CCC(C2CCC3CC(C4CCCC4)CCC32)C1,True
391,395,Cc1cccc(Nc2nc3cc(C(=O)O)ccc3c3cnccc23)c1,6.0,5.221848749616356,C1CCC(CC2CC3CCCCC3C3CCCCC23)CC1,False
592,599,O=C(O)c1ccc2c(c1)nc(Nc1ccc(F)c(Cl)c1)c1nc(NC3CC3)ncc12,56.5,4.301900326452132,C1CCC(CC2CC3CCCCC3C3CCC(CC4CC4)CC23)CC1,False
498,505,Nc1ncnn2c(-c3ccncc3)cc(C(=O)N[C@H]3CC[C@@H](O)CC3)c12,290.0,3.537602002101044,CC(CC1CCCCC1)C1CC(C2CCCCC2)C2CCCCC12,True
138,139,CC(O)CCn1nc2c(Br)c(Br)c(Br)c(Br)c2n1,4160.0,2.3809066693732572,C1CCC2CCCC2C1,True
62,62,CC(=O)Nc1cc(Nc2cc(NC3COC3)n3ncc(C#N)c3n2)c(F)cc1C1CC1,3.0,5.522878745280337,C1CC(CC2CC(CC3CCC(C4CC4)CC3)CC3CCCC32)C1,False
471,477,NC(=O)Cc1csc(NC(=O)c2n[nH]c3ccccc23)n1,520.0,3.283996656365201,CC(CC1CCCC1)C1CCC2CCCCC21,True
128,129,CC(C)Nc1ccc2cnn(-c3cncc(-c4cccc(C(=O)O)c4)n3)c2c1,4800.0,2.318758762624413,C1CCC(C2CCCC(C3CCC4CCCCC43)C2)CC1,True
689,702,OC[C@H]1O[C@@H](n2cnc3cc(Cl)c(Cl)cc32)[C@H](O)[C@@H]1O,13000.0,1.8860566476931633,C1CCC2C(C1)CCC2C1CCCC1,True
520,527,O=C(O)c1cc(F)cc(Nc2nc3cc(C(=O)O)ccc3c3sccc23)c1,127.0,3.896196279044043,C1CCC(CC2CC3CCCCC3C3CCCC23)CC1,False
64,64,CC(=O)Nc1cc(Nc2cc(NC3COC3)n3ncc(C#N)c3n2)ccc1C1CC1,3.0,5.522878745280337,C1CC(CC2CC(CC3CCC(C4CC4)CC3)CC3CCCC32)C1,False
14,14,C#Cc1cccc(Nc2nc3cc(C(=O)O)ccc3c3cnc(NCCOC)nc23)c1,25.0,4.698970004336019,C1CCC(CC2CC3CCCCC3C3CCCCC23)CC1,False
156,157,CCCN(C(=O)Nc1cccc(C(=O)OCC)c1)C1CCc2nc(NCc3ccc(C(=O)OC)cc3)sc2C1,4600.0,2.337242168318426,CC(CC1CCCCC1)CC1CCC2CC(CCC3CCCCC3)CC2C1,True
40,40,CC(=O)Nc1cc(Nc2cc(NC3CC3)n3ncc(C#N)c3n2)ccc1C1CC1,3.0,5.522878745280337,C1CC2CC(CC3CCC(C4CC4)CC3)CC(CC3CC3)C2C1,False
492,499,Nc1nccc2cc(Br)c3cc(C(=O)[O-])ccc3c12.[Na+],300.0,3.5228787452803374,C1CCC2C(C1)CCC1CCCCC12,True
379,383,Cc1cc(Nc2ncc3c(n2)c(Nc2ccc(F)c(Cl)c2)nc2cc(C(=O)O)ccc23)[nH]n1,513.0,3.2898826348881838,C1CCC(CC2CC3CCCCC3C3CCC(CC4CCCC4)CC23)CC1,True
187,189,CC[C@H](O)Cn1nc2c(Br)c(Br)c(Br)c(Br)c2n1,3600.0,2.4436974992327127,C1CCC2CCCC2C1,True
216,218,CN1C(=O)[C@@H](N2CCc3cn(Cc4ccccc4)nc3C2=O)COc2ccccc21,1000.0,3.0,CC1CC2CCCCC2CCC1C1CCC2CC(CC3CCCCC3)CC2C1C,True
52,52,CC(=O)Nc1cc(Nc2cc(NC3CC3)n3ncc(C#N)c3n2)ccc1N1CCN(C)CC1,41.0,4.3872161432802645,C1CCC(C2CCC(CC3CC4CCCC4C(CC4CC4)C3)CC2)CC1,False
337,340,COc1ccc(C(=O)Nc2ncc(-c3ccc(C(=O)O)nc3)s2)cc1,17.0,4.769551078621726,CC(CC1CCC(C2CCCCC2)C1)C1CCCCC1,False
295,298,COc1cc(/C=C(\C#N)C(=O)Nc2ccccc2O)ccc1O,330.0,3.4814860601221125,CC(CC1CCCCC1)CCC1CCCCC1,True
251,253,COC(=O)N[C@@H]1CN(C2CN(c3cc(C#N)cc(Nc4nc(NC5CC5)c5ncc(C#N)n5n4)c3Cl)C2)C[C@H]1C,0.27,6.568636235841013,C1CCC(C2CC(C3CCCC(CC4CC5CCCC5C(CC5CC5)C4)C3)C2)C1,False
461,467,N#Cc1cnc2c(NC3CC3)nc(Nc3cc(C(F)F)cc(N4CCC(C5COC5)CC4)c3Cl)nn12,6.04,5.218963061378868,C1CC(C2CCC(C3CCCC(CC4CC5CCCC5C(CC5CC5)C4)C3)CC2)C1,False
455,461,N#Cc1cc(Nc2nc(NC3CC3)c3ncc(C#N)n3n2)c(OC2CCNCC2)cc1F,9.8,5.008773924307505,C1CCC(CC2CCCCC2CC2CC3CCCC3C(CC3CC3)C2)CC1,False
707,720,c1ccc(Nc2nc3cc(-c4nnc[nH]4)ccc3c3sccc23)cc1,50000.0,1.3010299956639813,C1CCC(CC2CC3CC(C4CCCC4)CCC3C3CCCC23)CC1,True
269,271,COC(=O)c1ccc2cc1OCCOCCN(C(=O)OC(C)(C)C)c1ccn3ncc-2c3n1,60450.0,1.2251918802404573,C1CCCC2CCCC(C2)C2CCC3CCC(CCC1)CC32,True
201,203,CN(C)CCNc1nc2cc(C(=O)O)ccc2c2ccccc12,1000.0,3.0,C1CCC2C(C1)CCC1CCCCC12,True
161,162,CCCOC(=O)Nc1nnc(-c2ccc(C(=O)O)cc2)s1,5700.0,2.2441251443275085,C1CCC(C2CCCC2)CC1,True
555,562,O=C(O)c1ccc2c(c1)nc(NC1CC1)c1nc(Nc3ccccc3)ncc12,26.0,4.585026652029182,C1CCC(CC2CCC3C4CCCCC4CC(CC4CC4)C3C2)CC1,False
401,405,Cc1nn(C)c2nnc(Nc3ccc(S(=O)(=O)NC(CO)C(C)C)cc3)nc12,50000.0,1.3010299956639813,C1CCC(CC2CCC3CCCC3C2)CC1,True
476,483,NCC1CCCN(C(=O)c2cc(-c3ccncc3)n3ncnc(N)c23)C1,12000.0,1.9208187539523751,CC(C1CCCCC1)C1CC(C2CCCCC2)C2CCCCC12,True
105,105,CC(C)(C)N(CC1CCN(C(=O)c2cc(-c3ccncc3)n3ncnc(N)c23)CC1)C(=O)O,2800.0,2.5528419686577806,CC(C1CCCCC1)C1CC(C2CCCCC2)C2CCCCC12,True
565,572,O=C(O)c1ccc2c(c1)nc(NCCc1cccc(F)c1)c1ncncc12,930.0,3.0315170514460648,C1CCC(CCCC2CC3CCCCC3C3CCCCC23)CC1,True
389,393,Cc1ccc(NC(=O)c2n[nH]c3ccccc23)cc1NS(C)(=O)=O,11500.0,1.9393021596463884,CC(CC1CCCCC1)C1CCC2CCCCC21,True
1,1,Brc1c(Br)c(Br)c2[nH]nnc2c1Br,500.0,3.3010299956639813,C1CCC2CCCC2C1,True
662,669,O=C([O-])c1ccc2c(c1)cc(NC1CCC1)c1ccncc12.[Na+],300.0,3.5228787452803374,C1CC(CC2CC3CCCCC3C3CCCCC23)C1,True
561,568,O=C(O)c1ccc2c(c1)nc(NCCO)c1ccsc12,1100.0,2.958607314841775,C1CCC2C(C1)CCC1CCCC12,True
80,80,CC(=O)Nc1ccc2c(c1)N(c1cc(NC3CC3)n3ncc(C#N)c3n1)CCO2,270.0,3.5686362358410126,C1CCC2C(C1)CCCC2C1CC2CCCC2C(CC2CC2)C1,False
205,207,CN(C)CCNc1ncc2c(n1)c(Nc1ccc(F)c(Cl)c1)nc1cc(C(=O)O)ccc12,168.0,3.774690718274137,C1CCC(CC2CC3CCCCC3C3CCCCC23)CC1,False
34,34,CC(=O)NCCCNc1cncc(-n2ncc3ccc(NC(C)C)cc32)n1,30000.0,1.5228787452803376,C1CCC(C2CCC3CCCCC32)CC1,True
508,515,O=C(NOCC1CC1)c1ccc(F)c(F)c1Nc1ccc(I)cc1Cl,17.0,4.769551078621726,CC(CCCC1CC1)C1CCCCC1CC1CCCCC1,False
427,432,Fc1cccc(Nc2nc3cc(-c4nnn[nH]4)ccc3c3cnccc23)c1,338.5,3.764280796305351,C1CCC(CC2CC3CC(C4CCCC4)CCC3C3CCCCC23)CC1,False
454,460,N#Cc1cc(Nc2nc(NC3CC3)c3ncc(C#N)n3n2)c(Cl)c(NN2CCOCC2)c1,0.23,6.638272163982407,C1CCC(CC2CCCC(CC3CC4CCCC4C(CC4CC4)C3)C2)CC1,False
366,370,CS(=O)(=O)Cc1ccc2ccn(-c3cc(NC4CC4)n4ncc(C#N)c4n3)c2c1,45.0,4.617911933804835,C1CCC2C(C1)CCC2C1CC2CCCC2C(CC2CC2)C1,False
91,91,CC(=O)Nc1ccc2ccn(-c3cc(NCCN4CCCC4)n4ncc(C#N)c4n3)c2c1,410.0,3.7529227029907783,C1CCC(CCCC2CC(C3CCC4CCCCC43)CC3CCCC23)C1,False
339,342,COc1ccc(C(=O)Nc2nnc(-c3ccc(C(=O)O)cc3)o2)cc1,74000.0,1.1307682802690238,CC(CC1CCC(C2CCCCC2)C1)C1CCCCC1,True
564,571,O=C(O)c1ccc2c(c1)nc(NCCc1cccc(F)c1)c1ccncc12,300.0,3.5228787452803374,C1CCC(CCCC2CC3CCCCC3C3CCCCC23)CC1,True
345,348,COc1ccc(OC)c(Nc2nc3cc(-c4nnn[nH]4)ccc3c3sccc23)c1,5179.0,2.723058486678063,C1CCC(CC2CC3CC(C4CCCC4)CCC3C3CCCC23)CC1,True
241,243,CNc1nccc(-c2nc(C3CCNCC3)[nH]c2-c2cccc(C(F)(F)F)c2)n1,100000.0,1.0,C1CCC(C2CC(C3CCCCC3)C(C3CCCCC3)C2)CC1,True
13,13,C#Cc1cccc(Nc2nc3cc(C(=O)O)ccc3c3cnc(NCCCOCC)nc23)c1,107.0,3.9706162223147903,C1CCC(CC2CC3CCCCC3C3CCCCC23)CC1,False
315,318,COc1ccc(-c2cc(N)n3ncc(C#N)c3n2)cc1,58.0,4.236572006437063,C1CCC(C2CCC3CCCC3C2)CC1,False
600,607,O=C(O)c1ccc2c(c1)nc(Nc1ccc(N3CCOCC3)cc1)c1ccsc12,1170.0,2.9318141382538383,C1CCC(C2CCC(CC3CC4CCCCC4C4CCCC34)CC2)CC1,True
387,391,Cc1ccc(N/C=C2\C(=O)CCc3c2oc2c(Cl)c(Cl)c(O)cc32)cc1,30.0,4.522878745280337,CC1CCC2C3CCCCC3CC2C1CCC1CCCCC1,False
273,275,COC1CN(C2CN(c3cc(C(F)F)cc(Nc4nc(NC5CC5)c5ncc(C#N)n5n4)c3Cl)C2)C1,9.61,5.017276612331455,C1CC(C2CC(C3CCCC(CC4CC5CCCC5C(CC5CC5)C4)C3)C2)C1,False
166,167,CCN1CCN(c2ccc(Nc3ncc4scc(-c5cccc(NS(C)(=O)=O)c5)c4n3)cc2)CC1,13.9,4.856985199745905,C1CCC(C2CCC(CC3CCC4CCC(C5CCCCC5)C4C3)CC2)CC1,False
703,716,[C-]#[N+]c1cnc2c(Nc3nc(C)n(C)n3)nc(Nc3ccc4c(c3)c(C#N)nn4C)nn12,0.13,6.886056647693163,C1CCC(CC2CC(CC3CCC4CCCC4C3)CC3CCCC32)C1,False
646,653,O=C(O)c1cccc(Nc2nc(-c3ccc4ccccc4c3)cs2)c1,2000.0,2.6989700043360187,C1CCC(CC2CCC(C3CCC4CCCCC4C3)C2)CC1,True
484,491,Nc1ccc(-c2cc3cc(C(=O)[O-])ccc3c3cnccc23)cn1.[Na+],300.0,3.5228787452803374,C1CCC(C2CC3CCCCC3C3CCCCC23)CC1,True
692,705,[C-]#[N+]c1cnc2c(NC3CC3)nc(Nc3cc(C#N)cc(N4CC(N5CCN(C)CC5)C4)c3F)nn12,0.39,6.4089353929735005,C1CCC(C2CC(C3CCCC(CC4CC5CCCC5C(CC5CC5)C4)C3)C2)CC1,False
504,511,O=C(NCC(F)(F)F)c1cc(-c2cnn3cc(-c4ccc(OCCN5CCCCC5)cc4)cnc23)cs1,8300.0,2.0809219076239263,C1CCC(CCCC2CCC(C3CCC4C(CCC4C4CCCC4)C3)CC2)CC1,True
243,245,COC(=O)CCn1cc(-c2cc(NC3CC3)n3ncc(C#N)c3n2)c2cc(NC(C)=O)ccc21,15000.0,1.8239087409443189,C1CCC2C(C1)CCC2C1CC2CCCC2C(CC2CC2)C1,True
566,573,O=C(O)c1ccc2c(c1)nc(NCCc1ccccc1)c1ccncc12,260.0,3.5850266520291822,C1CCC(CCCC2CC3CCCCC3C3CCCCC23)CC1,False
562,569,O=C(O)c1ccc2c(c1)nc(NCCc1cccc(Cl)c1)c1ccncc12,230.0,3.638272163982407,C1CCC(CCCC2CC3CCCCC3C3CCCCC23)CC1,False
189,191,CCc1cc2c(cc1-c1cnn(CCCN(C)C)c1)C(C)(C)c1[nH]c3cc(C#N)ccc3c1C2=O,10000.0,2.0,CC1C2CCC(C3CCCC3)CC2CC2CC3CCCCC3C21,True
475,482,NC1=NC(=O)/C(=C2\CCNC(=O)c3[nH]c(Br)cc32)N1,7000.0,2.154901959985743,CC1CCCC(C2CCCC2C)C2CCCC12,True
510,517,O=C(Nc1cccc(C(=O)O)c1)Nc1nc2c(s1)CC(NC(=O)Nc1cccc(C(=O)O)c1)CC2,12400.0,1.9065783148377649,CC(CC1CCCCC1)CC1CCC2CC(CC(C)CC3CCCCC3)CC2C1,True
58,58,CC(=O)Nc1cc(Nc2cc(NC3CC3)n3ncc(C#N)c3n2)ncc1C,3.0,5.522878745280337,C1CCC(CC2CC3CCCC3C(CC3CC3)C2)CC1,False
474,480,NC(=O)c1cnc(N2CCC[C@H](N)C2)nc1Nc1cccc(C(F)(F)F)c1,9131.0,2.039481657219292,C1CCC(CC2CCCC(C3CCCCC3)C2)CC1,True
560,567,O=C(O)c1ccc2c(c1)nc(NCCN1CCOCC1)c1ccsc12,1220.0,2.9136401693252516,C1CCC(CCCC2CC3CCCCC3C3CCCC23)CC1,True
252,254,COC(=O)N[C@H]1CCN(c2cc(C#N)cc(Nc3nc(NC4CC4)c4ncc(C#N)n4n3)c2Cl)C[C@@H]1O,0.72,6.142667503568732,C1CCC(C2CCCC(CC3CC4CCCC4C(CC4CC4)C3)C2)CC1,False
21,21,C#Cc1cccc(Nc2nc3cc(C(N)=O)ccc3c3cncnc23)c1,87.0,4.060480747381382,C1CCC(CC2CC3CCCCC3C3CCCCC23)CC1,False
313,316,COc1cc(O)c2c(c1)C1(OC2=O)C(C)=CC(=O)C1O,10.0,5.0,CC1CCC2(C1)CC(C)C1CCCCC12,False
459,465,N#Cc1cccc(Nc2nc3cc(C(=O)O)ccc3c3cncnc23)c1,350.0,3.4559319556497243,C1CCC(CC2CC3CCCCC3C3CCCCC23)CC1,True
160,161,CCCNc1ncc2c(n1)c(Nc1ccccc1)nc1cc(C(=O)O)ccc12,51.0,4.292429823902063,C1CCC(CC2CC3CCCCC3C3CCCCC23)CC1,False
276,278,COCCNC1CCN(c2cc(C#N)cc(Nc3nc(NC4CC4)c4ncc(C#N)n4n3)c2Cl)CC1,20.88,4.680269505669775,C1CCC(C2CCCC(CC3CC4CCCC4C(CC4CC4)C3)C2)CC1,False
191,193,CCc1cccc(Nc2nc3cc(C(=O)O)ccc3c3sccc23)c1,242.0,3.616184634019569,C1CCC(CC2CC3CCCCC3C3CCCC23)CC1,False
385,389,Cc1cc2cc(NC(=O)c3n[nH]c4ccccc34)ccc2[nH]1,200000.0,0.6989700043360187,CC(CC1CCC2CCCC2C1)C1CCC2CCCCC21,True
413,418,Clc1cccc(Nc2nc3cc(-c4nnn[nH]4)ccc3c3sccc23)c1,181.0,3.7423214251308154,C1CCC(CC2CC3CC(C4CCCC4)CCC3C3CCCC23)CC1,False
491,498,Nc1nccc2c(Br)cc3cc(C(=O)[O-])ccc3c12.[Na+],300.0,3.5228787452803374,C1CCC2C(C1)CCC1CCCCC12,True
343,346,COc1ccc(Nc2nc3cc(C(=O)O)ccc3c3sccc23)c(OC)c1,2000.0,2.6989700043360187,C1CCC(CC2CC3CCCCC3C3CCCC23)CC1,True
308,311,COc1cc(O)c2c(=O)oc3cc(O)cc(C)c3c2c1,10.0,5.0,CC1CC2CCCCC2C2CCCCC12,False
661,668,O=C([O-])c1ccc2c(c1)cc(NC1CC1)c1ccncc12.[Na+],300.0,3.5228787452803374,C1CCC2C(C1)CC(CC1CC1)C1CCCCC21,True
130,131,CC(C)Nc1ccc2cnn(-c3cncc(-n4ccc(CC(=O)O)c4)n3)c2c1,2700.0,2.5686362358410126,C1CCC(C2CCCC(C3CCC4CCCCC43)C2)C1,True
663,670,O=C([O-])c1ccc2c(c1)cc(NC1CCCC1)c1ccncc12.[Na+],300.0,3.5228787452803374,C1CCC(CC2CC3CCCCC3C3CCCCC23)C1,True
99,99,CC(=O)Nc1nnc(-c2ccc(C(=O)O)cc2)s1,29900.0,1.5243288116755704,C1CCC(C2CCCC2)CC1,True
372,376,C[C@@H]1C[C@H]1C(=O)N1CCN(c2cnc(C#N)c(-c3cnn(C)c3)n2)C[C@H]1C,100000.0,1.0,CC(C1CCC(C2CCCC(C3CCCC3)C2)CC1)C1CC1,True
87,87,CC(=O)Nc1ccc2ccn(-c3cc(NC4COC4)n4ncc(C#N)c4n3)c2c1,30.5,4.821032576499773,C1CC(CC2CC(C3CCC4CCCCC43)CC3CCCC32)C1,False
458,464,N#Cc1cccc(Nc2nc3cc(C(=O)O)ccc3c3cnccc23)c1,2152.0,3.882235776546225,C1CCC(CC2CC3CCCCC3C3CCCCC23)CC1,False
330,333,COc1ccc(C(=O)Nc2ncc(-c3ccc(C(=O)O)cc3OCc3ccccc3C#N)s2)cc1,16.0,4.795880017344075,CC(CC1CCC(C2CCCCC2CCC2CCCCC2)C1)C1CCCCC1,False
214,216,CN1C(=O)[C@@H](N2CCc3c(nn(Cc4ccccc4)c3Br)C2=O)COc2ccccc21,1000.0,3.0,CC1CC2CCCCC2CCC1C1CCC2CC(CC3CCCCC3)CC2C1C,True
466,472,N#Cc1cnn2c(N)cc(-c3cccs3)nc12,100.0,4.0,C1CCC(C2CCC3CCCC3C2)C1,False
121,122,CC(C)Nc1ccc2cnn(-c3cncc(-c4ccc(C(=O)O)cc4)n3)c2c1,57.5,4.629818655252878,C1CCC(C2CCCC(C3CCC4CCCCC43)C2)CC1,False
614,621,O=C(O)c1ccc2c(c1)nc(Nc1cccc(Cl)c1)c1nc(NC3CC3)ncc12,11.5,4.9430283238465815,C1CCC(CC2CC3CCCCC3C3CCC(CC4CC4)CC23)CC1,False
20,20,C#Cc1cccc(Nc2nc3cc(C(=O)OC)ccc3c3cnc(NOC)nc23)c1,750.0,3.1249387366083,C1CCC(CC2CC3CCCCC3C3CCCCC23)CC1,True
700,713,[C-]#[N+]c1cnc2c(NCC)nc(Nc3cc(C#N)cc(N4CC[C@@H](NC(=O)OC)[C@H](O)C4)c3Cl)nn12,4.71,5.326979092871104,C1CCC(C2CCCC(CC3CCC4CCCC4C3)C2)CC1,False
71,71,CC(=O)Nc1cc(Nc2cc(Nc3cn(C)cn3)n3ncc(C#N)c3n2)ccc1C,3.0,5.522878745280337,C1CCC(CC2CC3CCCC3C(CC3CCCC3)C2)CC1,False
106,106,CC(C)(C)NC(=O)c1ccc2cc1OCCOCCNc1ccn3ncc-2c3n1,17475.0,2.2453987388344485,C1CCCC2CCCC(C2)C2CCC3CCC(CCC1)CC32,True
270,272,COC(=O)c1ccc2cc1OCCOCCNc1ccn3ncc-2c3n1,31600.0,1.5902280322290658,C1CCCC2CCCC(C2)C2CCC3CCC(CCC1)CC32,True
435,441,N#CCc1n[nH]c2cc(Br)c(Br)cc12,5000.0,2.3010299956639813,C1CCC2CCCC2C1,True
102,102,CC(=O)Oc1c(Cl)c(Cl)c2oc(C(=O)C=C(C)C)c(N)c2c1C#N,200.0,3.6989700043360187,C1CCC2CCCC2C1,False
